site,grts_cell,region,lat,long,n_years,site_type,rotation_group
110378_NE,110378,Okanagan Region,49.04717,-119.5574,7,Rotating,2
110378_NW,110378,Okanagan Region,49.035355,-119.575462,9,Rotating,2
110378_SE,110378,Okanagan Region,49.01485,-119.53228,7,Rotating,4
110378_SW,110378,Okanagan Region,49.004116,-119.595522,9,Rotating,5
114602_NE,114602,South Coastal Region,49.70588,-125.06708,5,Rotating,2
114602_NW,114602,South Coastal Region,49.67623,-125.13792,6,Rotating,3
114602_SE,114602,South Coastal Region,49.65756,-125.0438,6,Rotating,2
114602_SW,114602,South Coastal Region,49.64146,-125.08654,6,Rotating,1
115322_NE,115322,Northern Region,52.37764,-125.98565,5,Rotating,2
115322_NW,115322,Northern Region,52.37481,-126.08159,7,Rotating,3
115322_SE,115322,Northern Region,52.35752,-126.01253,6,Rotating,1
115322_SW,115322,Northern Region,52.34498,-126.07967,7,Rotating,1
1194_NW,1194,Kootenay Region,50.117491,-117.522995,9,Core,0
12522_NE,12522,South Coastal Region,49.721545,-124.515633,6,Core,0
12522_NW,12522,South Coastal Region,49.757569,-124.563075,6,Core,0
12522_SE,12522,South Coastal Region,49.70213,-124.47636,7,Core,0
12522_SW,12522,South Coastal Region,49.7022,-124.52268,7,Core,0
127850_NE,127850,Kootenay Region,49.313072,-115.01912,5,Core,0
127850_NW,127850,Kootenay Region,49.309601,-115.052005,8,Core,0
127850_SE,127850,Kootenay Region,49.284975,-114.953949,6,Core,0
127850_SW,127850,Kootenay Region,49.267101,-115.02532,8,Core,0
128058_NE,128058,South Coastal Region,48.841169,-123.427265,5,Rotating,2
128058_NW,128058,South Coastal Region,48.82144,-123.486428,5,Rotating,1
128058_SW,128058,South Coastal Region,48.798281,-123.476317,5,Rotating,4
132650_SE,132650,Okanagan Region,51.818279,-122.4214442,5,Rotating,5
132650_SW,132650,Okanagan Region,51.80225,-122.46284,5,Rotating,1
137274_NE,137274,South Coastal Region,48.79,-123.6988,5,Rotating,5
137274_NW,137274,South Coastal Region,48.7891,-123.719,6,Rotating,5
137274_SE,137274,South Coastal Region,48.7539,-123.6447,6,Rotating,2
143274_NE,143274,South Coastal Region,50.3377,-122.8012,6,Rotating,5
143274_NW,143274,South Coastal Region,50.3446,-122.8479,6,Rotating,2
143274_SE,143274,South Coastal Region,50.3004,-122.758,6,Rotating,4
143274_SW,143274,South Coastal Region,50.2961,-122.8048,6,Rotating,1
145578_NE,145578,Kootenay Region,49.931778,-115.655583,6,Rotating,3
145578_NW,145578,Kootenay Region,49.935444,-115.674972,5,Rotating,2
145578_SE,145578,Kootenay Region,49.899833,-115.642222,7,Rotating,1
145578_SW,145578,Kootenay Region,49.895889,-115.695,6,Rotating,2
16426_NE,16426,Northern Region,54.82137,-123.355785,6,Rotating,5
16426_SE,16426,Northern Region,54.818945,-123.339974,6,Rotating,3
172090_NE,172090,South Coastal Region,49.37012,-122.94857,6,Rotating,5
172090_NW,172090,South Coastal Region,49.3468347,-123.009846,5,Rotating,3
172090_SE,172090,South Coastal Region,49.32364,-122.97036,6,Rotating,4
172090_SW,172090,South Coastal Region,49.31421,-123.01406,6,Rotating,1
175354_SE,175354,Northern Region,59.42418,-125.94917,3,Rotating,5
175354_SW,175354,Northern Region,59.40931,-126.09868,4,Rotating,1
17706_NW,17706,Northern Region,51.97600921,-120.1036777,3,Rotating,2
17706_SE,17706,Northern Region,51.940804,-120.016832,4,Rotating,2
17706_SW,17706,Northern Region,51.94316,-120.06784,3,Rotating,4
186490_NW,186490,Northern Region,54.754,-127.12678,8,Rotating,3
186490_SE,186490,Northern Region,54.722574,-126.997418,7,Rotating,2
186490_SW,186490,Northern Region,54.722779,-127.053965,9,Rotating,4
194666_NE,194666,Okanagan Region,50.230138,-119.32344,8,Core,0
194666_SW,194666,Okanagan Region,50.169151,-119.410806,8,Core,0
20330_NE,20330,Kootenay Region,49.424541,-117.7286549,8,Core,0
20330_SE,20330,Kootenay Region,49.381304,-117.6779339,8,Core,0
206394_NE,206394,Northern Region,53.636548,-132.050561,3,Rotating,2
206394_NW,206394,Northern Region,53.637196,-132.162509,3,Rotating,1
206394_SE,206394,Northern Region,53.608769,-131.99988,3,Rotating,3
206394_SW,206394,Northern Region,53.573235,-132.115794,3,Rotating,1
20730_NE,20730,Northern Region,56.7952475,-124.9005858,2,Core,0
20730_NW,20730,Northern Region,56.79948362,-124.9761373,2,Core,0
20730_SE,20730,Northern Region,56.7845655,-124.8854358,2,Core,0
212266_NE,212266,Okanagan Region,50.7512766,-120.4800092,9,Core,0
212266_NW,212266,Okanagan Region,50.7775476,-120.5598176,7,Core,0
212266_SE,212266,Okanagan Region,50.7148071,-120.4925243,8,Core,0
212266_SW,212266,Okanagan Region,50.7323352,-120.5218426,8,Core,0
212906_NW,212906,South Coastal Region,49.36971,-124.79984,6,Rotating,4
212906_SE,212906,South Coastal Region,49.35175,-124.74136,6,Rotating,3
212906_SW,212906,South Coastal Region,49.33595,-124.7423,5,Rotating,4
216746_NW,216746,South Coastal Region,49.106754,-125.78544,3,Core,0
216746_SE,216746,South Coastal Region,49.077676,-125.746438,6,Core,0
218282_SE,218282,Kootenay Region,50.138325,-117.556721,4,Core,0
218282_SW,218282,Kootenay Region,50.150936,-117.622098,5,Core,0
226090_NE,226090,Okanagan Region,50.10929,-120.45236,5,Rotating,4
226090_NW,226090,Okanagan Region,50.0999,-120.50647,6,Rotating,5
226090_SE,226090,Okanagan Region,50.07156,-120.42266,5,Rotating,3
230186_NE,230186,Okanagan Region,49.014567,-121.071983,5,Rotating,3
230186_SE,230186,Okanagan Region,48.975109,-121.083294,6,Rotating,2
241002_NE,241002,Kootenay Region,51.038169,-118.135697,8,Core,0
241002_NW,241002,Kootenay Region,51.015969,-118.202923,8,Core,0
243562_NE,243562,Kootenay Region,49.699661,-115.984981,7,Rotating,4
243562_SE,243562,Kootenay Region,49.650677,-115.946919,7,Rotating,5
26170_NE,26170,Northern Region,53.620517,-132.208832,3,Rotating,3
26170_NW,26170,Northern Region,53.604517,-132.288374,3,Rotating,5
26170_SE,26170,Northern Region,53.58901,-132.176947,3,Rotating,3
26170_SW,26170,Northern Region,53.568946,-132.230418,3,Rotating,5
265749_NE,265749,Okanagan Region,49.15892,-119.03758,6,Rotating,1
265749_NW,265749,Okanagan Region,49.16674,-119.10324,7,Rotating,1
265749_SE,265749,Okanagan Region,49.11153,-118.97698,7,Rotating,1
265749_SW,265749,Okanagan Region,49.11337,-119.05299,7,Rotating,2
268521_NE,268521,Kootenay Region,49.49916,-115.03962,7,Core,0
268521_NW,268521,Kootenay Region,49.48855,-115.09812,6,Core,0
268521_SE,268521,Kootenay Region,49.440833,-115.056338,6,Core,0
269777_NW,269777,Northern Region,57.04083,-122.86281,4,Core,0
269777_SW,269777,Northern Region,57.01497,-122.80521,4,Core,0
271731_SW,271731,Kootenay Region,51.241464,-117.649615,6,Core,0
283586_NE,283586,Northern Region,54.3558,-128.5366,6,Rotating,4
283586_NW,283586,Northern Region,54.3321,-128.6266,7,Rotating,1
283586_SE,283586,Northern Region,54.31162,-128.54374,7,Rotating,4
283586_SW,283586,Northern Region,54.2946,-128.581,7,Rotating,4
294832_NE,294832,Northern Region,56.3348,-120.97877,7,Core,0
294832_NW,294832,Northern Region,56.33264,-121.00747,7,Core,0
294832_SE,294832,Northern Region,56.30206,-120.94608,7,Core,0
294832_SW,294832,Northern Region,56.30496,-121.00198,7,Core,0
317428_NE,317428,South Coastal Region,49.06292,-120.799436,7,Rotating,2
317428_NW,317428,South Coastal Region,49.06417,-120.90943,7,Rotating,3
317428_SE,317428,South Coastal Region,49.06053,-120.77309,7,Rotating,1
317428_SW,317428,South Coastal Region,49.04617,-120.85085,6,Rotating,1
326072_NE,326072,South Coastal Region,49.09743,-122.51957,8,Core,0
326072_NW,326072,South Coastal Region,49.05235,-122.58989,9,Core,0
326072_SE,326072,South Coastal Region,49.0144,-122.52755,7,Core,0
326072_SW,326072,South Coastal Region,49.01082,-122.58104,9,Core,0
37274_NE,37274,Northern Region,53.088742,-119.203183,6,Rotating,2
37274_SE,37274,Northern Region,53.050514,-119.214184,6,Rotating,5
37274_SW,37274,Northern Region,53.035636,-119.228949,6,Rotating,4
38442_NW,38442,Okanagan Region,51.5199863,-122.2897779,4,Rotating,4
38442_SW,38442,Okanagan Region,51.502381,-122.289917,6,Rotating,3
42026_NE,42026,Northern Region,55.85526785,-121.6534502,2,Core,0
42026_NW,42026,Northern Region,55.83615996,-121.7169091,2,Core,0
42026_SE,42026,Northern Region,55.81796825,-121.6640549,2,Core,0
42026_SW,42026,Northern Region,55.81130793,-121.7013079,2,Core,0
47210_NE,47210,Okanagan Region,49.84024333,-119.8811811,2,Core,0
47210_NW,47210,Okanagan Region,49.84159091,-119.9782986,2,Core,0
47210_SE,47210,Okanagan Region,49.79638208,-119.8698479,2,Core,0
47322_NE,47322,Northern Region,55.698075,-120.43213,8,Core,0
47322_NW,47322,Northern Region,55.70016,-120.489889,8,Core,0
47322_SE,47322,Northern Region,55.64597,-120.40102,7,Core,0
47322_SW,47322,Northern Region,55.65446,-120.49465,8,Core,0
57322_NE,57322,South Coastal Region,49.094543,-122.098809,7,Core,0
57322_NW,57322,South Coastal Region,49.07915,-122.16077,6,Core,0
57322_SE,57322,South Coastal Region,49.0141,-122.09198,6,Core,0
57322_SW,57322,South Coastal Region,49.016633,-122.151312,5,Core,0
5994_NE,5994,Kootenay Region,49.260667,-115.248935,5,Core,0
5994_SE,5994,Kootenay Region,49.212282,-115.26277,5,Core,0
60586_NW,60586,Kootenay Region,50.93041,-116.39001,5,Core,0
60586_SW,60586,Kootenay Region,50.90342,-116.39335,5,Core,0
6202_NE,6202,South Coastal Region,48.537407,-123.501191,7,Rotating,4
6202_NW,6202,South Coastal Region,48.507881,-123.600878,6,Rotating,3
6202_SE,6202,South Coastal Region,48.4893431,-123.5078995,4,Rotating,5
6202_SW,6202,South Coastal Region,48.486373,-123.549127,6,Rotating,3
70250_NW,70250,Kootenay Region,51.24583,-116.91793,5,Core,0
70250_SW,70250,Kootenay Region,51.20982,-116.89974,3,Core,0
73002_NE,73002,Okanagan Region,50.850673,-121.872189,8,Core,0
73002_SE,73002,Okanagan Region,50.824841,-121.868963,9,Core,0
73002_SW,73002,Okanagan Region,50.80422,-121.87782,9,Core,0
73786_NW,73786,South Coastal Region,49.12334,-123.06198,9,Core,0
73786_SE,73786,South Coastal Region,49.12604,-123.001631,9,Core,0
73786_SW,73786,South Coastal Region,49.108227,-123.079916,7,Core,0
77162_NE,77162,Kootenay Region,50.95478,-118.09975,6,Rotating,1
77162_SW,77162,Kootenay Region,50.886,-118.10586,8,Rotating,3
79018_NE,79018,Kootenay Region,50.202097,-116.910069,9,Core,0
79018_NW,79018,Kootenay Region,50.193827,-116.947519,9,Core,0
79018_SE,79018,Kootenay Region,50.187225,-116.904186,9,Core,0
79018_SW,79018,Kootenay Region,50.177706,-116.959679,9,Core,0
86074_NE,86074,South Coastal Region,49.23087,-122.305598,7,Core,0
86074_NW,86074,South Coastal Region,49.184424,-122.403309,4,Core,0
86074_SE,86074,South Coastal Region,49.169621,-122.319295,5,Core,0
86074_SW,86074,South Coastal Region,49.141737,-122.382035,7,Core,0
89962_NE,89962,Kootenay Region,49.07682,-117.5986,2,Core,0
89962_SE,89962,Kootenay Region,49.00974,-117.57236,2,Core,0
89962_SW,89962,Kootenay Region,49.0077,-117.63034,2,Core,0
93290_NE,93290,Okanagan Region,49.443606,-119.565345,5,Core,0
93290_NW,93290,Okanagan Region,49.4153057,-119.6018008,8,Core,0
93290_SE,93290,Okanagan Region,49.384329,-119.5616458,8,Core,0
93290_SW,93290,Okanagan Region,49.37943,-119.59374,8,Core,0
94522_NW,94522,Northern Region,53.10732,-131.86467,4,Core,0
94522_SE,94522,Northern Region,53.08196,-131.77925,3,Core,0
9466_NE,9466,Northern Region,57.34435226,-125.5093223,2,Core,0
9466_NW,9466,Northern Region,57.345896,-125.5503739,2,Core,0
9466_SE,9466,Northern Region,57.31574876,-125.4903741,2,Core,0
9466_SW,9466,Northern Region,57.2948285,-125.5147378,2,Core,0
986_NE,986,Northern Region,53.188,-121.302249,7,Rotating,5
986_SE,986,Northern Region,53.139202,-121.257697,7,Rotating,1
