"site","lat","long","grts_cell","region","water_nearby","site_type","dist_road_km","dist_harvest_km","region_idx","elevation_m","Quadrant"
"110378_NE",49.04717,-119.5574,110378,"Okanagan Region",1,"Rotating",0.05983249097,0.9384167017,4,855,NA
"110378_NW",49.035355,-119.575462,110378,"Okanagan Region",1,"Rotating",0.07550459824,1.260797796,4,868,NA
"110378_SE",49.01485,-119.53228,110378,"Okanagan Region",0,"Rotating",0.1456191997,1.055805588,4,979,NA
"110378_SW",49.004116,-119.595522,110378,"Okanagan Region",0,"Rotating",0.1284218289,1.884735428,4,696,NA
"111466_NE",49.001285,-115.0618438,111466,"Kootenay Region",0.544789500107581,"Unknown",0.1265788814,1.601998155,2,827,NA
"111466_NW",49.01860875,-115.0956838,111466,"Kootenay Region",0.544789500107581,"Unknown",0.1263126223,2.54403817,2,819,NA
"114602_NE",49.70588,-125.06708,114602,"South Coastal Region",0,"Rotating",0.05178907306,0.2118158779,5,85,NA
"114602_NW",49.67623,-125.13792,114602,"South Coastal Region",0,"Rotating",0.02255201024,0.6399905355,5,367,NA
"114602_SE",49.65756,-125.0438,114602,"South Coastal Region",0,"Rotating",0.2233894339,1.25076844,5,87,NA
"114602_SW",49.64146,-125.08654,114602,"South Coastal Region",1,"Rotating",0.04365812049,1.186680084,5,138,NA
"115322_NE",52.37764,-125.98565,115322,"Northern Region",0,"Rotating",0.1125022593,6.628371071,3,331,NA
"115322_NW",52.37481,-126.08159,115322,"Northern Region",1,"Rotating",0.2224003113,1.024622202,3,155,NA
"115322_SE",52.35752,-126.01253,115322,"Northern Region",1,"Rotating",0.1962012273,4.038097902,3,192,NA
"115322_SW",52.34498,-126.07967,115322,"Northern Region",1,"Rotating",0,0.08753053813,3,276,NA
"1194_NW",50.117491,-117.522995,1194,"Kootenay Region",1,"Always On",0.02490249454,0.9215126914,2,668,NA
"12522_NE",49.721545,-124.515633,12522,"South Coastal Region",1,"Always On",0.01145565177,0.546645295,5,105,NA
"12522_NW",49.757569,-124.563075,12522,"South Coastal Region",0,"Always On",0.01700888894,0.068510461,5,41,NA
"12522_SE",49.70213,-124.47636,12522,"South Coastal Region",1,"Always On",0.5024073311,0.429677203,5,199,NA
"12522_SW",49.7022,-124.52268,12522,"South Coastal Region",0,"Always On",0.04416296067,0.8545436541,5,107,NA
"127850_NE",49.313072,-115.01912,127850,"Kootenay Region",0,"Always On",0,2.518593496,2,1244,NA
"127850_NW",49.309601,-115.052005,127850,"Kootenay Region",0,"Always On",0.01720417684,2.59206363,2,928,NA
"127850_SE",49.284975,-114.953949,127850,"Kootenay Region",1,"Always On",0.02149092684,1.183838314,2,1009,NA
"127850_SW",49.267101,-115.02532,127850,"Kootenay Region",0,"Always On",0.09175681645,2.173582513,2,986,NA
"128058_NE",48.841169,-123.427265,128058,"South Coastal Region",1,"Rotating",0.2640836948,2.736497264,5,8,NA
"128058_NW",48.82144,-123.486428,128058,"South Coastal Region",1,"Rotating",0.009085159735,1.7946263,5,108,NA
"128058_SW",48.798281,-123.476317,128058,"South Coastal Region",1,"Rotating",0.03849128587,2.644988923,5,92,NA
"132650_SE",51.818279,-122.4214442,132650,"Okanagan Region",0,"Rotating",0.001540658265,3.962055807,4,574,NA
"132650_SW",51.80225,-122.46284,132650,"Okanagan Region",0,"Rotating",0.2829378448,4.298402042,4,837,NA
"137274_NE",48.79,-123.6988,137274,"South Coastal Region",1,"Rotating",0.2721503928,1.666689469,5,10,NA
"137274_NW",48.7891,-123.719,137274,"South Coastal Region",1,"Rotating",0.02971448606,1.249527992,5,25,NA
"137274_SE",48.7539,-123.6447,137274,"South Coastal Region",1,"Rotating",0.1507193816,1.552003235,5,3,NA
"143274_NE",50.3377,-122.8012,143274,"South Coastal Region",0,"Rotating",0.039030495,0.9661518287,5,247,NA
"143274_NW",50.3446,-122.8479,143274,"South Coastal Region",1,"Rotating",0.179419662,0.08312037024,5,231,NA
"143274_SE",50.3004,-122.758,143274,"South Coastal Region",1,"Rotating",0.2236128108,0.3700218478,5,207,NA
"143274_SW",50.2961,-122.8048,143274,"South Coastal Region",0,"Rotating",0.07657301331,0.4239778677,5,318,NA
"145578_NE",49.931778,-115.655583,145578,"Kootenay Region",0,"Rotating",0.02006523619,0,2,911,NA
"145578_NW",49.935444,-115.674972,145578,"Kootenay Region",0,"Rotating",0.004830469903,0.4393805754,2,942,NA
"145578_SE",49.899833,-115.642222,145578,"Kootenay Region",1,"Rotating",0.2503972128,0.1173066,2,964,NA
"145578_SW",49.895889,-115.695,145578,"Kootenay Region",1,"Rotating",0.1320498469,0.1649779423,2,864,NA
"16426_NE",54.82137,-123.355785,16426,"Northern Region",0,"Rotating",0.01202715834,1.726082815,3,867,NA
"16426_SE",54.818945,-123.339974,16426,"Northern Region",1,"Rotating",0.03753565792,2.281264463,3,856,NA
"172090_NE",49.37012,-122.94857,172090,"South Coastal Region",0,"Rotating",0.01001270836,6.24877454,5,1063,NA
"172090_NW",49.3468347,-123.009846,172090,"South Coastal Region",1,"Rotating",0.1598769048,2.749180976,5,191,NA
"172090_SE",49.32364,-122.97036,172090,"South Coastal Region",0,"Rotating",0,6.60012463,5,136,NA
"172090_SW",49.31421,-123.01406,172090,"South Coastal Region",1,"Rotating",0.04918120684,5.82659783,5,15,NA
"175354_SE",59.42418,-125.94917,175354,"Northern Region",0,"Rotating",0.001126410447,74.85105621,3,439,NA
"175354_SW",59.40931,-126.09868,175354,"Northern Region",0,"Rotating",0.02931769747,78.52853379,3,440,NA
"17706_NW",51.97600921,-120.1036777,17706,"Northern Region",1,"Rotating",0.478035762,5.859951196,3,825,NA
"17706_SE",51.940804,-120.016832,17706,"Northern Region",1,"Rotating",0.6079035123,0.3277912016,3,713,NA
"17706_SW",51.94316,-120.06784,17706,"Northern Region",0,"Rotating",0.0264606054,1.549550726,3,738,NA
"186330_NE",55.95726904,-122.589492,186330,"Northern Region",1,"Unknown",0.238879618073942,NA,3,923,NA
"186330_NW",55.94605604,-122.6592212,186330,"Northern Region",1,"Unknown",0.238879618073942,NA,3,736,NA
"186490_NW",54.754,-127.12678,186490,"Northern Region",0,"Rotating",4.6724036e-05,2.900938621,3,480,NA
"186490_SE",54.722574,-126.997418,186490,"Northern Region",0,"Rotating",0.01698497489,0.7170475043,3,786,NA
"186490_SW",54.722779,-127.053965,186490,"Northern Region",1,"Rotating",0.000613771215,1.916020024,3,528,NA
"194666_NE",50.230138,-119.32344,194666,"Okanagan Region",0,"Always On",0.004665078115,1.169445997,4,510,NA
"194666_SW",50.169151,-119.410806,194666,"Okanagan Region",0,"Always On",0.05223873791,1.554526863,4,836,NA
"20330_NE",49.424541,-117.7286549,20330,"Kootenay Region",0,"Always On",0.08621435239,0.9565048781,2,925,NA
"20330_SE",49.381304,-117.6779339,20330,"Kootenay Region",0,"Always On",0.1318795132,0.6071974552,2,599,NA
"206_NW",56.0204,-133.24865,206,"Alaska",1,NA,1.00003735351563,NA,1,31,"NW"
"206394_NE",53.636548,-132.050561,206394,"Northern Region",0.520547945205479,"Rotating",0.5189687749,3.002104115,3,31,NA
"206394_NW",53.637196,-132.162509,206394,"Northern Region",0.520547945205479,"Rotating",0.02688651872,0,3,32,NA
"206394_SE",53.608769,-131.99988,206394,"Northern Region",0.520547945205479,"Rotating",0.0471415867,1.965326903,3,29,NA
"206394_SW",53.573235,-132.115794,206394,"Northern Region",0.520547945205479,"Rotating",0.1039524567,0.1496907156,3,71,NA
"20730_NE",56.7952475,-124.9005858,20730,"Northern Region",0.520547945205479,"Always On",0.03519104728,1.96327538,3,690,NA
"20730_NW",56.79948362,-124.9761373,20730,"Northern Region",0.520547945205479,"Always On",0.1408644294,0.04340301436,3,787,NA
"20730_SE",56.7845655,-124.8854358,20730,"Northern Region",0.520547945205479,"Always On",0.01480558094,0.9620677124,3,688,NA
"20730_SW",56.76456457,-124.985882,20730,"Northern Region",0.544789500107581,"Unknown",0.02354291116,1.467795425,3,694,NA
"212266_NE",50.7512766,-120.4800092,212266,"Okanagan Region",1,"Always On",0.01727702937,6.620524247,4,752,NA
"212266_NW",50.7775476,-120.5598176,212266,"Okanagan Region",1,"Always On",0.03206587522,1.395310294,4,1104,NA
"212266_SE",50.7148071,-120.4925243,212266,"Okanagan Region",1,"Always On",0.3304393767,8.957108883,4,343,NA
"212266_SW",50.7323352,-120.5218426,212266,"Okanagan Region",1,"Always On",0.3440526404,6.906167127,4,395,NA
"212906_NW",49.36971,-124.79984,212906,"South Coastal Region",0,"Rotating",0.0089450165,0.009855866476,5,226,NA
"212906_SE",49.35175,-124.74136,212906,"South Coastal Region",1,"Rotating",0.000182007324,1.00241616,5,157,NA
"212906_SW",49.33595,-124.7423,212906,"South Coastal Region",0,"Rotating",0,0.9267326499,5,131,NA
"216746_NW",49.106754,-125.78544,216746,"South Coastal Region",1,"Always On",0.01432371363,2.978330433,5,13,NA
"216746_SE",49.077676,-125.746438,216746,"South Coastal Region",1,"Always On",0.9020542675,1.286644066,5,1,NA
"218282_SE",50.138325,-117.556721,218282,"Kootenay Region",1,"Always On",0.1912523891,0,2,767,NA
"218282_SW",50.150936,-117.622098,218282,"Kootenay Region",1,"Always On",0.1419228903,0.8535157427,2,782,NA
"219626_SW",48.92819429,-125.25,219626,"South Coastal Region",1,"Unknown",0.238879618073942,NA,5,7,NA
"226090_NE",50.10929,-120.45236,226090,"Okanagan Region",1,"Rotating",0.9714916486,6.44627669,4,1130,NA
"226090_NW",50.0999,-120.50647,226090,"Okanagan Region",1,"Rotating",0.1042316954,2.763690906,4,718,NA
"226090_SE",50.07156,-120.42266,226090,"Okanagan Region",0,"Rotating",0.2881725344,7.009261239,4,1287,NA
"230186_NE",49.014567,-121.071983,230186,"Okanagan Region",0,"Rotating",0.0143325976,2.113284618,4,484,NA
"230186_SE",48.975109,-121.083294,230186,"Okanagan Region",1,"Rotating",0.151817406493965,3.41141787345413,4,498,NA
"231310_SE",56.22812,-132.07308,231310,"Alaska",0,NA,2.1213994140625,NA,1,132,"SE"
"241002_NE",51.038169,-118.135697,241002,"Kootenay Region",1,"Always On",0.1213738793,2.976574903,2,1772,NA
"241002_NW",51.015969,-118.202923,241002,"Kootenay Region",0,"Always On",0.004482636919,1.282092544,2,591,NA
"243562_NE",49.699661,-115.984981,243562,"Kootenay Region",0,"Rotating",0.01434466369,0,2,1194,NA
"243562_SE",49.650677,-115.946919,243562,"Kootenay Region",1,"Rotating",0.1656400712,2.553538607,2,1067,NA
"252394_NW",48.79865,-125.1656819,252394,"South Coastal Region",1,"Unknown",0.238879618073942,NA,5,12,NA
"26170_NE",53.620517,-132.208832,26170,"Northern Region",0.520547945205479,"Rotating",0.02674099227,0.5677774757,3,12,NA
"26170_NW",53.604517,-132.288374,26170,"Northern Region",0.520547945205479,"Rotating",0.2886794578,0.1937344669,3,8,NA
"26170_SE",53.58901,-132.176947,26170,"Northern Region",0.520547945205479,"Rotating",0.05792309992,0.7590362778,3,20,NA
"26170_SW",53.568946,-132.230418,26170,"Northern Region",0.520547945205479,"Rotating",0,0.009186533698,3,87,NA
"265749_NE",49.15892,-119.03758,265749,"Okanagan Region",1,"Rotating",0.03952574177,0,4,1077,NA
"265749_NW",49.16674,-119.10324,265749,"Okanagan Region",1,"Rotating",0.8618626271,0.9960676757,4,1085,NA
"265749_SE",49.11153,-118.97698,265749,"Okanagan Region",0,"Rotating",0.02360855138,0.3974501742,4,621,NA
"265749_SW",49.11337,-119.05299,265749,"Okanagan Region",1,"Rotating",0.04516003745,0,4,1037,NA
"268521_NE",49.49916,-115.03962,268521,"Kootenay Region",0,"Always On",0.02066486944,0.1786042,2,1052,NA
"268521_NW",49.48855,-115.09812,268521,"Kootenay Region",0,"Always On",0.02974038888,3.443398332,2,1047,NA
"268521_SE",49.440833,-115.056338,268521,"Kootenay Region",1,"Always On",0.1353535558,0.4342493186,2,970,NA
"269777_NW",57.04083,-122.86281,269777,"Northern Region",0,"Always On",0.2107357816,4.588363437,3,1575,NA
"269777_SW",57.01497,-122.80521,269777,"Northern Region",1,"Always On",0.009870683865,1.666505056,3,941,NA
"271731_SW",51.241464,-117.649615,271731,"Kootenay Region",0,"Always On",0.04888413074,7.96178528,2,1013,NA
"283586_NE",54.3558,-128.5366,283586,"Northern Region",0,"Rotating",0.03124162297,0,3,132,NA
"283586_NW",54.3321,-128.6266,283586,"Northern Region",1,"Rotating",0.0252074934,0,3,156,NA
"283586_SE",54.31162,-128.54374,283586,"Northern Region",1,"Rotating",0.1312254289,0.3578198515,3,189,NA
"283586_SW",54.2946,-128.581,283586,"Northern Region",0,"Rotating",0.009383807434,0,3,207,NA
"294832_NE",56.3348,-120.97877,294832,"Northern Region",1,"Always On",0.1553029348,3.058266685,3,699,NA
"294832_NW",56.33264,-121.00747,294832,"Northern Region",1,"Always On",0.06356088615,2.474423844,3,699,NA
"294832_SE",56.30206,-120.94608,294832,"Northern Region",0,"Always On",0.03167733218,1.132182917,3,729,NA
"294832_SW",56.30496,-121.00198,294832,"Northern Region",0,"Always On",0.03671570557,2.495896582,3,799,NA
"31438_NE",58.25593,-134.358115,31438,"Alaska",1,NA,1.58119787597656,NA,1,79,"NE"
"31438_NW",58.26963,-134.43333,31438,"Alaska",1,NA,1.58119787597656,NA,1,207,"NW"
"31438_SE",58.24628,-134.33602,31438,"Alaska",1,NA,1.41426635742188,NA,1,22,"SE"
"315563_SE",58.36437,-134.50136,315563,"Alaska",1,NA,0.500018676757813,NA,1,41,"SE"
"317428_NE",49.06292,-120.799436,317428,"South Coastal Region",1,"Rotating",0.07525785087,0.3726624093,5,1201,NA
"317428_NW",49.06417,-120.90943,317428,"South Coastal Region",0,"Rotating",0,8.277974879,5,1371,NA
"317428_SE",49.06053,-120.77309,317428,"South Coastal Region",0,"Rotating",0.0487102006,0.1459006712,5,1176,NA
"317428_SW",49.04617,-120.85085,317428,"South Coastal Region",1,"Rotating",1.569441336,4.567040757,5,1276,NA
"326072_NE",49.09743,-122.51957,326072,"South Coastal Region",0,"Always On",0.08214961954,7.815346407,5,90,NA
"326072_NW",49.05235,-122.58989,326072,"South Coastal Region",0,"Always On",0.2059313468,14.99310572,5,105,NA
"326072_SE",49.0144,-122.52755,326072,"South Coastal Region",0,"Always On",0.1667329338,15.98553469,5,79,NA
"326072_SW",49.01082,-122.58104,326072,"South Coastal Region",0,"Always On",0.03968325479,18.17697304,5,67,NA
"34338_NW",59.51789,-139.66391,34338,"Alaska",1,NA,0,NA,1,26,"NW"
"34338_SE",59.51027,-139.53528,34338,"Alaska",1,NA,5.408529296875,NA,1,37,"SE"
"34338_SW",59.49062,-139.64204,34338,"Alaska",1,NA,0.500018676757813,NA,1,17,"SW"
"37274_NE",53.088742,-119.203183,37274,"Northern Region",1,"Rotating",0.3095826599,9.229996395,3,984,NA
"37274_SE",53.050514,-119.214184,37274,"Northern Region",1,"Rotating",0.003348522418,5.064257729,3,836,NA
"37274_SW",53.035636,-119.228949,37274,"Northern Region",0,"Rotating",0.04551184872,3.132808028,3,822,NA
"38442_NW",51.5199863,-122.2897779,38442,"Okanagan Region",0,"Rotating",0.1002431075,4.747043298,4,351,NA
"38442_SW",51.502381,-122.289917,38442,"Okanagan Region",0,"Rotating",0.07464707611,4.482926424,4,381,NA
"42026_NE",55.85526785,-121.6534502,42026,"Northern Region",0.520547945205479,"Always On",0.0299799017,2.7584498,3,752,NA
"42026_NW",55.83615996,-121.7169091,42026,"Northern Region",0.520547945205479,"Always On",0.01181020138,0.2446806228,3,718,NA
"42026_SE",55.81796825,-121.6640549,42026,"Northern Region",0.520547945205479,"Always On",0.03199303206,1.190288137,3,701,NA
"42026_SW",55.81130793,-121.7013079,42026,"Northern Region",0.520547945205479,"Always On",0.1057960683,1.877107631,3,700,NA
"47210_NE",49.84024333,-119.8811811,47210,"Okanagan Region",0.520547945205479,"Always On",0.08532485066,0.1709476801,4,1295,NA
"47210_NW",49.84159091,-119.9782986,47210,"Okanagan Region",0.520547945205479,"Always On",0.06349163953,0,4,1279,NA
"47210_SE",49.79638208,-119.8698479,47210,"Okanagan Region",0.520547945205479,"Always On",0.1740288716,0.007731770866,4,982,NA
"47210_SW",49.79097,-119.9526683,47210,"Okanagan Region",0.544789500107581,"Unknown",0.05750237826,0.392425406,4,1186,NA
"47310_NW",55.49629,-131.70515,47310,"Alaska",0,NA,1.80284289550781,NA,1,81,"NW"
"47310_SE",55.45411,-131.61887,47310,"Alaska",0,NA,0,NA,1,127,"SE"
"47310_SW",55.44204,-131.62489,47310,"Alaska",1,NA,1.11807580566406,NA,1,159,"SW"
"47322_NE",55.698075,-120.43213,47322,"Northern Region",0,"Always On",0.07102453576,0.1811073404,3,916,NA
"47322_NW",55.70016,-120.489889,47322,"Northern Region",1,"Always On",0.02090447252,1.129826052,3,718,NA
"47322_SE",55.64597,-120.40102,47322,"Northern Region",1,"Always On",0.05918764101,0.1619837359,3,893,NA
"47322_SW",55.65446,-120.49465,47322,"Northern Region",1,"Always On",0.02998535336,0.5562251146,3,714,NA
"5006_NW",56.67385,-132.77744,5006,"Alaska",0,NA,1.50005603027344,NA,1,237,"NW"
"5006_SE",56.65803,-132.67407,5006,"Alaska",1,NA,0.500018676757813,NA,1,56,"SE"
"57322_NE",49.094543,-122.098809,57322,"South Coastal Region",0,"Always On",0.2539629621,2.363509378,5,8,NA
"57322_NW",49.07915,-122.16077,57322,"South Coastal Region",1,"Always On",0.1205385,1.194108838,5,6,NA
"57322_SE",49.0141,-122.09198,57322,"South Coastal Region",0,"Always On",0.012836279,0.4100287022,5,214,NA
"57322_SW",49.016633,-122.151312,57322,"South Coastal Region",1,"Always On",0.005943036135,1.750410131,5,9,NA
"5994_NE",49.260667,-115.248935,5994,"Kootenay Region",0.520547945205479,"Always On",0.1709249629,0.1026117181,2,755,NA
"5994_SE",49.212282,-115.26277,5994,"Kootenay Region",0.520547945205479,"Always On",0.3575045406,0.5139402792,2,850,NA
"60586_NW",50.93041,-116.39001,60586,"Kootenay Region",0,"Always On",0.01689568676,0.961835646,2,790,NA
"60586_SW",50.90342,-116.39335,60586,"Kootenay Region",1,"Always On",0.5465327848,0.9800106674,2,791,NA
"6202_NE",48.537407,-123.501191,6202,"South Coastal Region",0,"Rotating",0.2126708774,4.416441116,5,231,NA
"6202_NW",48.507881,-123.600878,6202,"South Coastal Region",1,"Rotating",0.1690202609,0.03661149594,5,511,NA
"6202_SE",48.4893431,-123.5078995,6202,"South Coastal Region",1,"Rotating",0.03645562852,1.051500975,5,115,NA
"6202_SW",48.486373,-123.549127,6202,"South Coastal Region",1,"Rotating",0.1710092878,2.541465387,5,1,NA
"70250_NW",51.24583,-116.91793,70250,"Kootenay Region",1,"Always On",0.04477389726,1.867429333,2,784,NA
"70250_SW",51.20982,-116.89974,70250,"Kootenay Region",1,"Always On",0.08358280234,0.9486150855,2,784,NA
"73002_NE",50.850673,-121.872189,73002,"Okanagan Region",0,"Always On",0.4153603736,1.990453251,4,410,NA
"73002_SE",50.824841,-121.868963,73002,"Okanagan Region",0,"Always On",0,1.616523735,4,433,NA
"73002_SW",50.80422,-121.87782,73002,"Okanagan Region",0,"Always On",0.01088285157,1.411112609,4,588,NA
"73786_NW",49.12334,-123.06198,73786,"South Coastal Region",1,"Always On",0.05219899771,26.07692664,5,2,NA
"73786_SE",49.12604,-123.001631,73786,"South Coastal Region",1,"Always On",0.06198020321,23.31507149,5,6,NA
"73786_SW",49.108227,-123.079916,73786,"South Coastal Region",1,"Always On",0.07653932696,28.05740503,5,0,NA
"77162_NE",50.95478,-118.09975,77162,"Kootenay Region",0,"Rotating",0.005351036241,5.348763745,2,1882,NA
"77162_SW",50.886,-118.10586,77162,"Kootenay Region",0,"Rotating",0.02263373406,0.40422484,2,483,NA
"79018_NE",50.202097,-116.910069,79018,"Kootenay Region",0,"Always On",0.0194320244,0.2269639997,2,949,NA
"79018_NW",50.193827,-116.947519,79018,"Kootenay Region",0,"Always On",0.1927059048,0.4326385036,2,543,NA
"79018_SE",50.187225,-116.904186,79018,"Kootenay Region",0,"Always On",0.003312919565,0,2,876,NA
"79018_SW",50.177706,-116.959679,79018,"Kootenay Region",1,"Always On",0.1431021336,0.6145802267,2,537,NA
"86074_NE",49.23087,-122.305598,86074,"South Coastal Region",0,"Always On",0.008829033293,0,5,250,NA
"86074_NW",49.184424,-122.403309,86074,"South Coastal Region",1,"Always On",0.06386608793,2.113166561,5,10,NA
"86074_SE",49.169621,-122.319295,86074,"South Coastal Region",0,"Always On",0.04247243197,0.5261592262,5,140,NA
"86074_SW",49.141737,-122.382035,86074,"South Coastal Region",1,"Always On",0.009565036799,2.299976549,5,13,NA
"89962_NE",49.07682,-117.5986,89962,"Kootenay Region",0.520547945205479,"Always On",0.121143013,2.114058227,2,622,NA
"89962_SE",49.00974,-117.57236,89962,"Kootenay Region",0.520547945205479,"Always On",0.006560468573,0.6926835266,2,477,NA
"89962_SW",49.0077,-117.63034,89962,"Kootenay Region",0.520547945205479,"Always On",0.8385265622,1.949114285,2,448,NA
"93290_NE",49.443606,-119.565345,93290,"Okanagan Region",0,"Always On",0.2994743139,3.905937228,4,612,NA
"93290_NW",49.4153057,-119.6018008,93290,"Okanagan Region",1,"Always On",0.05326662817,2.431751285,4,369,NA
"93290_SE",49.384329,-119.5616458,93290,"Okanagan Region",1,"Always On",0.07001597073,2.125808577,4,341,NA
"93290_SW",49.37943,-119.59374,93290,"Okanagan Region",0,"Always On",0.1875848579,4.097361051,4,560,NA
"94522_NW",53.10732,-131.86467,94522,"Northern Region",1,"Always On",0.05104225867,0.0580305833,3,49,NA
"94522_SE",53.08196,-131.77925,94522,"Northern Region",1,"Always On",0,0.2107891547,3,89,NA
"9466_NE",57.34435226,-125.5093223,9466,"Northern Region",0.520547945205479,"Always On",0.1906551524,0.1261668858,3,748,NA
"9466_NW",57.345896,-125.5503739,9466,"Northern Region",0.520547945205479,"Always On",0.1119223908,0.1474106162,3,797,NA
"9466_SE",57.31574876,-125.4903741,9466,"Northern Region",0.520547945205479,"Always On",0,0.161702612,3,800,NA
"9466_SW",57.2948285,-125.5147378,9466,"Northern Region",0.520547945205479,"Always On",0.06707006024,0.5842346102,3,761,NA
"986_NE",53.188,-121.302249,986,"Northern Region",1,"Rotating",2.400135399,2.167391333,3,913,NA
"986_SE",53.139202,-121.257697,986,"Northern Region",1,"Rotating",2.45100423,1.930172639,3,920,NA
