"mean","sd","2.5%","25%","50%","75%","97.5%","Rhat","n.eff","overlap0","f","parameter"
2.0887462678304,0.810617095495076,0.222151190374427,1.65234699194867,2.13414015663837,2.58855290550114,3.59211215876942,1.00474537916567,1391,0,0.983111111111111,"beta.psi[1]"
0.0450700626152525,0.532198880356655,-0.875014122785336,-0.317238561118293,-0.00246377200713108,0.346246245567347,1.25979785021178,1.00403653352105,672,1,0.498111111111111,"beta.psi[2]"
1.36214814613511,0.797276715207417,-0.110376866172048,0.814893559245594,1.33254908274144,1.8775107997447,3.03892063974167,1.00128847034875,1433,1,0.965222222222222,"beta.psi[3]"
-0.440840866476237,0.386594497096755,-1.23287425617694,-0.683407721068987,-0.432111026607479,-0.179417837191652,0.28211072488957,1.00090349211995,2019,1,0.883333333333333,"beta.gamma"
0.170643873317287,0.210450650151075,-0.158749545498525,0.0205070997559434,0.140950328854333,0.292267147143756,0.660195332179886,1.0003707664279,4668,1,0.787888888888889,"beta.phi"
1.57571109620291,0.0449716667354736,1.48765832261626,1.54534061086746,1.57589698584975,1.60602057540965,1.66403620226944,0.999918749792179,9000,0,1,"beta.p[1]"
0.0751878890538079,0.0469070042395388,-0.014995442432697,0.0440695400509363,0.075381622777933,0.106736597545203,0.166349295398137,0.999969546720915,9000,1,0.944777777777778,"beta.p[2]"
0.237094697935601,0.052177288059738,0.135324292046991,0.201654531327021,0.236705885982521,0.271932395396884,0.342581814497059,0.99991647906817,9000,0,1,"beta.p[3]"
0.280560366383003,0.0477367136019904,0.187933729765913,0.247997545610487,0.280631750842468,0.312670846869437,0.374755847983459,0.999882046745475,9000,0,1,"beta.p[4]"
-0.243309378131812,0.761293820095824,-1.84040138683758,-0.711018222560194,-0.224226930157011,0.26329410799876,1.20279930606525,1.00002395024878,9000,1,0.623,"alpha.gamma[1]"
0.901922326379965,0.565784087272672,-0.187842880411705,0.527674048202816,0.886918596358025,1.26735832340055,2.06792084620972,1.00007250507805,9000,1,0.949444444444444,"alpha.gamma[2]"
-0.0989117173667984,0.590092843442257,-1.27689062390435,-0.483803951614098,-0.100636215238697,0.296686353368667,1.05337943471336,0.99997678882927,9000,1,0.566333333333333,"alpha.gamma[3]"
1.34049895803957,0.588841936348247,0.260704133701999,0.945932130959871,1.31725562521104,1.70591992256216,2.57592660899337,1.00078315456826,4968,0,0.993555555555556,"alpha.gamma[4]"
0.455053702762369,1.0015374130906,-1.40065181444423,-0.195172512745726,0.40855501319524,1.06091990414666,2.5279473982919,0.999984811356523,9000,1,0.675444444444444,"alpha.gamma[5]"
1.4852123401445,0.787054658203418,0.0718356142886217,0.952800046739014,1.43325783811675,1.9557687729309,3.21124254382382,1.00015792650853,9000,0,0.980555555555556,"alpha.gamma[6]"
-1.01577645521536,1.27253356003835,-3.65496033965914,-1.81195798051999,-0.95988937579806,-0.146690264364218,1.33851775526835,1.00010686310723,9000,1,0.789,"alpha.gamma[7]"
0.853677313965658,1.01590525942104,-1.06932820816156,0.185879297137169,0.816802500475153,1.50288268162505,2.92769360471851,1.00080338425002,2707,1,0.805444444444444,"alpha.gamma[8]"
2.28993061165286,0.409923065600254,1.56380450039068,2.01096792541164,2.25774998918453,2.53442188363246,3.19888695153964,1.00101746801988,1791,0,1,"alpha.phi[1]"
2.79601691892172,0.415243744269571,2.05843078713309,2.50437178825244,2.76559756450687,3.05868132486101,3.67918846927087,0.999967617986797,9000,0,1,"alpha.phi[2]"
2.20886952811405,0.312792096553033,1.62975009835879,1.99179642272254,2.19697448672511,2.40733807837131,2.86613028184963,1.00019857994923,9000,0,1,"alpha.phi[3]"
3.69892502988585,0.609025636505461,2.6724218978842,3.27278484535398,3.63593105834728,4.06800316655864,5.03427581129701,1.00022294310728,7179,0,1,"alpha.phi[4]"
3.03481143639968,0.401566292469133,2.32872845978406,2.75315149751048,3.00437866044272,3.29196181500924,3.87374632184734,1.00073298439124,2903,0,1,"alpha.phi[5]"
4.00740412297541,0.631770394418834,2.93265094419555,3.56699608071607,3.95071632761674,4.38973980245019,5.40889175128764,1.0002091318547,7419,0,1,"alpha.phi[6]"
3.33414167573704,0.497737798417612,2.46026717317068,2.99041905691071,3.29535818479693,3.6423084886731,4.40854827567822,1.00003827388014,9000,0,1,"alpha.phi[7]"
3.83713209317213,0.713800318370462,2.66179086460027,3.33859165703056,3.75494706006408,4.26030666234866,5.44397638263117,1.00003171478582,9000,0,1,"alpha.phi[8]"
0.447070801824956,0.165297494986421,0.137003856107892,0.329373896186466,0.444176959824773,0.565445883315217,0.769022378049739,0.999969433985909,9000,0,1,"gamma.avg[1]"
0.698698779661646,0.111021466198914,0.453176878292073,0.62894045719539,0.708253869685878,0.780290199717819,0.88774593380364,1.00005455387202,9000,0,1,"gamma.avg[2]"
0.477318789330007,0.135796505324307,0.218079976518469,0.381354280800929,0.474862158237962,0.573632268347801,0.74142331421224,0.999993435934797,9000,0,1,"gamma.avg[3]"
0.77723359908611,0.0944875872491853,0.564809370726973,0.720296361196217,0.788724751703535,0.846306330235733,0.929296093091417,1.00059634522748,4918,0,1,"gamma.avg[4]"
0.59111906636405,0.197350131547809,0.197712700335318,0.451361171612549,0.600741347560463,0.742866299619851,0.926077950281518,0.999921142603364,9000,0,1,"gamma.avg[5]"
0.789717402361662,0.11565903072373,0.517951184640444,0.721677940913962,0.80740841694717,0.876074306136082,0.96125516894184,1.00044559967751,7782,0,1,"gamma.avg[6]"
0.316899422115126,0.214962806262433,0.0252105173792801,0.140401653416172,0.2769003456614,0.46339305283958,0.792246080424642,1.0000141876266,9000,0,1,"gamma.avg[7]"
0.668829353533407,0.187436310837967,0.255530863394484,0.54633648592231,0.693557178215134,0.818004013882814,0.949198574238349,1.00041143990025,3733,0,1,"gamma.avg[8]"
0.902522645578345,0.0340576313545309,0.826898596376331,0.881943830135759,0.905316939952166,0.926519966767594,0.960792369496154,1.00109064349364,1821,0,1,"phi.avg[1]"
0.938433377306209,0.0228828405130228,0.886796727361989,0.924447730858127,0.94078822078516,0.955155847694411,0.975378089655295,0.99998787213217,9000,0,1,"phi.avg[2]"
0.897611316329999,0.0279460840175389,0.836135401269026,0.879933060538157,0.899977489593043,0.917385159546374,0.946146508880079,1.00017786769501,9000,0,1,"phi.avg[3]"
0.97182196379124,0.0154377610027439,0.935379576418281,0.963483278203596,0.974317591399081,0.983176354908891,0.993531206158338,1.00039443302211,4731,0,1,"phi.avg[4]"
0.951000230250412,0.0178437753834393,0.91122853409837,0.940091087993523,0.952771548533175,0.96415202136814,0.979642659625013,1.00082856002936,2351,0,1,"phi.avg[5]"
0.97885577248762,0.012167250035602,0.949437088829621,0.972535066296198,0.981122309909257,0.98774801673815,0.99554335186141,1.00017081620299,8351,0,1,"phi.avg[6]"
0.961859680343526,0.0171719095996678,0.921309034678013,0.952139410166277,0.9642692253957,0.974476691043254,0.987973558795049,0.999934057021547,9000,0,1,"phi.avg[7]"
0.974067905110557,0.0162051099282855,0.934734005767792,0.965729260357792,0.977133426930952,0.986078569651552,0.995696338679913,1.00015360066107,9000,0,1,"phi.avg[8]"
0.0974773544216551,0.0340576313545309,0.0392076305038463,0.0734800332324066,0.0946830600478343,0.118056169864241,0.173101403623669,1.00109064349365,1821,0,1,"ext.avg[1]"
0.0615666226937911,0.0228828405130228,0.0246219103447049,0.0448441523055892,0.0592117792148404,0.0755522691418731,0.11320327263801,0.99998787213217,9000,0,1,"ext.avg[2]"
0.102388683670001,0.0279460840175389,0.0538534911199205,0.0826148404536257,0.100022510406957,0.120066939461843,0.163864598730974,1.00017786769501,9000,0,1,"ext.avg[3]"
0.0281780362087596,0.0154377610027439,0.00646879384166175,0.0168236450911087,0.0256824086009193,0.0365167217964041,0.0646204235817194,1.00039443302212,4731,0,1,"ext.avg[4]"
0.0489997697495878,0.0178437753834393,0.0203573403749869,0.0358479786318603,0.0472284514668251,0.0599089120064771,0.0887714659016301,1.00082856002936,2351,0,1,"ext.avg[5]"
0.0211442275123803,0.012167250035602,0.00445664813859012,0.01225198326185,0.0188776900907434,0.027464933703802,0.0505629111703787,1.00017081620299,8351,0,1,"ext.avg[6]"
0.0381403196564743,0.0171719095996678,0.0120264412049507,0.0255233089567457,0.0357307746043,0.047860589833723,0.0786909653219869,0.999934057021547,9000,0,1,"ext.avg[7]"
0.0259320948894435,0.0162051099282855,0.0043036613200871,0.0139214303484476,0.0228665730690481,0.0342707396422077,0.0652659942322083,1.00015360066107,9000,0,1,"ext.avg[8]"
1.46428748051588,1.11319925970714,0.0715090486721627,0.582119991233317,1.19299780413487,2.1153397586762,4.24923289001993,1.0356845203453,78,0,1,"sigma.region"
0.476838199666898,1.59184132681106,-1.96322853541021,-0.311399998168663,0.123590436418839,0.961919293117492,4.68361652779675,1.01128052991524,778,1,0.586888888888889,"u.region[1]"
-0.0904006898121597,0.921352878051383,-1.91480043544034,-0.590000951168826,-0.074459444877284,0.327206233068508,2.04103965204675,1.00393260197021,6639,1,0.565777777777778,"u.region[2]"
1.68134766046564,1.82085147854093,-0.277358032457533,0.343909390830312,1.18274653260009,2.48791473887761,6.41823210363393,1.02787271900357,123,1,0.899444444444444,"u.region[3]"
0.268182888962471,0.944005149446647,-1.38185018737129,-0.254571220345914,0.114762814845947,0.700349803327297,2.5664726504207,1.00577497024783,1205,1,0.585666666666667,"u.region[4]"
-0.134331578088428,0.943072124245351,-2.05257386910993,-0.665591039717425,-0.10381501384267,0.308731955632749,1.89269194627491,1.00406368309837,2749,1,0.580666666666667,"u.region[5]"
0.88014415954416,0.029334698498624,0.815384615384615,0.861538461538462,0.882051282051282,0.902564102564103,0.928205128205128,1.00125250058707,1656,0,1,"psi.fs[1]"
0.853751566951567,0.0237889800866069,0.805128205128205,0.841025641025641,0.856410256410256,0.871794871794872,0.897435897435897,1.00007033898829,9000,0,1,"psi.fs[2]"
0.910475783475784,0.0125765442147605,0.882051282051282,0.902564102564103,0.912820512820513,0.917948717948718,0.933333333333333,0.999932359541878,9000,0,1,"psi.fs[3]"
0.863545868945869,0.016737879348669,0.830769230769231,0.851282051282051,0.866666666666667,0.876923076923077,0.892307692307692,1.00005922960072,9000,0,1,"psi.fs[4]"
0.954369230769231,0.0114375886183145,0.928205128205128,0.948717948717949,0.953846153846154,0.964102564102564,0.974358974358974,1.00071031240714,3213,0,1,"psi.fs[5]"
0.939815954415954,0.00992792431098225,0.917948717948718,0.933333333333333,0.938461538461538,0.948717948717949,0.958974358974359,0.999984319925354,9000,0,1,"psi.fs[6]"
0.976663247863248,0.0074383530455356,0.958974358974359,0.974358974358974,0.979487179487179,0.979487179487179,0.984615384615385,1.00015408496179,9000,0,1,"psi.fs[7]"
0.950980626780627,0.0123528029959042,0.923076923076923,0.943589743589744,0.953846153846154,0.958974358974359,0.969230769230769,0.999867582471593,9000,0,1,"psi.fs[8]"
0.968260398860399,0.0142086588092042,0.933333333333333,0.958974358974359,0.969230769230769,0.979487179487179,0.98974358974359,1.0003137678075,5854,0,1,"psi.fs[9]"
171.628111111111,5.72026620723168,159,168,172,176,181,1.00125250058707,1656,0,1,"n.occ[1]"
166.481555555556,4.63885111688835,157,164,167,170,175,1.00007033898829,9000,0,1,"n.occ[2]"
177.542777777778,2.45242612187829,172,176,178,179,182,0.999932359541878,9000,0,1,"n.occ[3]"
168.391444444444,3.26388647299046,162,166,169,171,174,1.00005922960072,9000,0,1,"n.occ[4]"
186.102,2.23032978057133,181,185,186,188,190,1.00071031240714,3213,0,1,"n.occ[5]"
183.264111111111,1.93594524064154,179,182,183,185,187,0.999984319925356,9000,0,1,"n.occ[6]"
190.449333333333,1.45047884387944,187,190,191,191,192,1.0001540849618,9000,0,1,"n.occ[7]"
185.441222222222,2.40879658420132,180,184,186,187,189,0.999867582471594,9000,0,1,"n.occ[8]"
188.810777777778,2.77068846779483,182,187,189,191,193,1.0003137678075,5854,0,1,"n.occ[9]"
0.59586090178462,0.0538759226774693,0.49070790384674,0.55905416225783,0.595888817381129,0.631431544861599,0.701518211482947,0.999948994272609,9000,0,1,"mean.gamma"
0.947021611399739,0.00771307911378967,0.931113580830597,0.941991448725708,0.947336223760812,0.952343327076622,0.961276265681406,1.00034762328136,4113,0,1,"mean.phi"
0.0529783886002615,0.00771307911378967,0.0387237343185939,0.0476566729233777,0.0526637762391884,0.0580085512742918,0.0688864191694026,1.00034762328136,4113,0,1,"mean.ext"
0.828501907977999,0.00638855681436803,0.815726539448729,0.824239752174386,0.828622645984386,0.832858162380071,0.840779071406654,0.999915673259521,9000,0,1,"mean.p"
1.10135956100052,0.040741180120074,1.03314917127072,1.07344632768362,1.09826589595376,1.125,1.19108968310136,1.00156347525413,1329,0,1,"lambda"
0.0142132858499525,0.00282276898397947,0.00897435897435897,0.0123076923076923,0.0141025641025641,0.015982905982906,0.02,1.00055587598627,3193,0,1,"trend.slope"
3411.95949026944,21.8760806494711,3373.08675010449,3396.24333160553,3410.51036063892,3426.32237363654,3457.68308697761,0.99992318188105,9000,0,1,"deviance"
