"species","site","GRTS_Cell_ID","Quadrant","region","lat","long","n_years_surveyed","n_years_detected","ever_detected","mean_p_occupied","mean_psi_expected","mean_psi_expected_lo95","mean_psi_expected_hi95"
"COTO","110378_NE",110378,"NE","Okanagan Region",49.04717,-119.5574,8,1,TRUE,0.1686,0.2975,0.2118,0.3977
"COTO","110378_NW",110378,"NW","Okanagan Region",49.03536,-119.57546,9,3,TRUE,0.3648,0.245,0.1658,0.3309
"COTO","110378_SE",110378,"SE","Okanagan Region",49.01485,-119.53228,8,3,TRUE,0.4333,0.2452,0.1649,0.3384
"COTO","110378_SW",110378,"SW","Okanagan Region",49.00412,-119.59552,9,3,TRUE,0.4603,0.3023,0.2131,0.4087
"COTO","111466_NE",111466,"NE","Kootenay Region",49.00129,-115.06184,2,1,TRUE,0.8284,0.5535,0.409,0.7149
"COTO","111466_NW",111466,"NW","Kootenay Region",49.01861,-115.09568,2,0,FALSE,0.418,0.5824,0.4083,0.7537
"COTO","114602_NE",114602,"NE","South Coastal Region",49.70588,-125.06708,5,5,TRUE,1,0.6014,0.4686,0.7305
"COTO","114602_NW",114602,"NW","South Coastal Region",49.67623,-125.13792,7,4,TRUE,0.6445,0.4479,0.3111,0.5976
"COTO","114602_SE",114602,"SE","South Coastal Region",49.65756,-125.0438,7,7,TRUE,1,0.5278,0.3657,0.7064
"COTO","114602_SW",114602,"SW","South Coastal Region",49.64146,-125.08654,7,1,TRUE,0.3865,0.467,0.3554,0.5922
"COTO","115322_NE",115322,"NE","Northern Region",52.37764,-125.98565,6,0,FALSE,0.0017,0.0226,0.0038,0.0701
"COTO","115322_NW",115322,"NW","Northern Region",52.37481,-126.08159,8,0,FALSE,0.0024,0.0584,0.0074,0.1608
"COTO","115322_SE",115322,"SE","Northern Region",52.35752,-126.01253,7,0,FALSE,0.0014,0.0404,0.0069,0.1172
"COTO","115322_SW",115322,"SW","Northern Region",52.34498,-126.07967,8,0,FALSE,0.0079,0.0385,0.0098,0.0953
"COTO","1194_NW",1194,"NW","Kootenay Region",50.11749,-117.523,9,0,FALSE,0.1015,0.5934,0.4504,0.7426
"COTO","1194_SW",1194,"SW","Kootenay Region",50.0903,-117.4679,4,1,TRUE,0.3517,0.665,0.475,0.8458
"COTO","12522_NE",12522,"NE","South Coastal Region",49.72155,-124.51563,4,0,FALSE,0.1031,0.4717,0.3517,0.6011
"COTO","12522_NW",12522,"NW","South Coastal Region",49.75757,-124.56308,5,2,TRUE,0.7151,0.6725,0.5139,0.8096
"COTO","12522_SE",12522,"SE","South Coastal Region",49.70213,-124.47636,6,0,FALSE,0.0414,0.5521,0.3919,0.7205
"COTO","12522_SW",12522,"SW","South Coastal Region",49.7022,-124.52268,6,2,TRUE,0.7036,0.549,0.4214,0.6774
"COTO","127850_NE",127850,"NE","Kootenay Region",49.31307,-115.01912,4,1,TRUE,0.3769,0.2659,0.144,0.3936
"COTO","127850_NW",127850,"NW","Kootenay Region",49.3096,-115.05201,5,3,TRUE,0.8718,0.4486,0.3201,0.5937
"COTO","127850_SE",127850,"SE","Kootenay Region",49.28498,-114.95395,5,2,TRUE,0.6446,0.3414,0.2351,0.4773
"COTO","127850_SW",127850,"SW","Kootenay Region",49.2671,-115.02532,7,4,TRUE,0.9565,0.5258,0.3738,0.6898
"COTO","128058_NE",128058,"NE","South Coastal Region",48.84117,-123.42727,5,0,FALSE,0.0283,0.4918,0.279,0.7241
"COTO","128058_NW",128058,"NW","South Coastal Region",48.82144,-123.48643,5,2,TRUE,0.5059,0.3728,0.2677,0.4952
"COTO","128058_SW",128058,"SW","South Coastal Region",48.79828,-123.47632,5,4,TRUE,0.984,0.4734,0.3497,0.607
"COTO","132650_SE",132650,"SE","Okanagan Region",51.81828,-122.42144,6,1,TRUE,0.2608,0.283,0.1867,0.3873
"COTO","132650_SW",132650,"SW","Okanagan Region",51.80225,-122.46284,5,0,FALSE,0.0585,0.3111,0.1962,0.4474
"COTO","137274_NE",137274,"NE","South Coastal Region",48.79,-123.6988,5,2,TRUE,0.886,0.5579,0.3799,0.7554
"COTO","137274_NW",137274,"NW","South Coastal Region",48.7891,-123.719,6,0,FALSE,0.062,0.5032,0.3812,0.6344
"COTO","137274_SE",137274,"SE","South Coastal Region",48.7539,-123.6447,6,4,TRUE,0.9331,0.525,0.3575,0.7083
"COTO","143274_NE",143274,"NE","South Coastal Region",50.3377,-122.8012,7,5,TRUE,0.7436,0.3899,0.2872,0.5111
"COTO","143274_NW",143274,"NW","South Coastal Region",50.3446,-122.8479,7,2,TRUE,0.5509,0.5984,0.4497,0.7448
"COTO","143274_SE",143274,"SE","South Coastal Region",50.3004,-122.758,7,6,TRUE,0.9064,0.548,0.4083,0.6918
"COTO","143274_SW",143274,"SW","South Coastal Region",50.2961,-122.8048,7,6,TRUE,0.9855,0.4452,0.3257,0.5874
"COTO","145578_NE",145578,"NE","Kootenay Region",49.93178,-115.65558,7,7,TRUE,1,0.6647,0.504,0.821
"COTO","145578_NW",145578,"NW","Kootenay Region",49.93544,-115.67497,6,4,TRUE,0.7847,0.4546,0.3095,0.6143
"COTO","145578_SE",145578,"SE","Kootenay Region",49.89983,-115.64222,7,5,TRUE,0.939,0.587,0.4279,0.7557
"COTO","145578_SW",145578,"SW","Kootenay Region",49.89589,-115.695,7,4,TRUE,0.7633,0.5144,0.3627,0.6895
"COTO","16426_NE",16426,"NE","Northern Region",54.82137,-123.35579,6,0,FALSE,0.002,0.0107,0.0022,0.0295
"COTO","16426_SE",16426,"SE","Northern Region",54.81895,-123.33997,5,0,FALSE,0.002,0.012,0.0023,0.0348
"COTO","172090_NE",172090,"NE","South Coastal Region",49.37012,-122.94857,6,0,FALSE,0.0503,0.1424,0.0571,0.2621
"COTO","172090_NW",172090,"NW","South Coastal Region",49.34683,-123.00985,5,0,FALSE,0.0303,0.4614,0.325,0.6098
"COTO","172090_SE",172090,"SE","South Coastal Region",49.32364,-122.97036,5,1,TRUE,0.2749,0.3187,0.1946,0.4695
"COTO","172090_SW",172090,"SW","South Coastal Region",49.31421,-123.01406,6,0,FALSE,0.0311,0.463,0.3359,0.6072
"COTO","175354_SE",175354,"SE","Northern Region",59.42418,-125.94917,3,0,FALSE,0.0044,0.0138,0.0024,0.0427
"COTO","175354_SW",175354,"SW","Northern Region",59.40931,-126.09868,5,0,FALSE,0.0041,0.015,0.0022,0.0499
"COTO","17706_NW",17706,"NW","Northern Region",51.97601,-120.10368,2,0,FALSE,4e-04,0.0124,0.0019,0.0397
"COTO","17706_SE",17706,"SE","Northern Region",51.9408,-120.01683,5,0,FALSE,5e-04,0.0194,0.0036,0.0602
"COTO","17706_SW",17706,"SW","Northern Region",51.94316,-120.06784,4,0,FALSE,6e-04,0.0117,0.0024,0.033
"COTO","186330_NE",186330,"NE","Northern Region",55.95727,-122.58949,2,0,FALSE,6e-04,0.0175,0.0023,0.0657
"COTO","186330_NW",186330,"NW","Northern Region",55.94606,-122.65922,2,0,FALSE,0.0011,0.0181,0.0041,0.051
"COTO","186490_NW",186490,"NW","Northern Region",54.754,-127.12678,8,0,FALSE,0.0067,0.0171,0.0038,0.0458
"COTO","186490_SE",186490,"SE","Northern Region",54.72257,-126.99742,6,0,FALSE,0.0057,0.0124,0.0027,0.0332
"COTO","186490_SW",186490,"SW","Northern Region",54.72278,-127.05397,9,0,FALSE,0.0069,0.0194,0.0046,0.0496
"COTO","194666_NE",194666,"NE","Okanagan Region",50.23014,-119.32344,6,0,FALSE,0.1032,0.3673,0.2579,0.4876
"COTO","194666_SW",194666,"SW","Okanagan Region",50.16915,-119.41081,6,0,FALSE,0.0462,0.3155,0.2015,0.4516
"COTO","20330_NE",20330,"NE","Kootenay Region",49.42454,-117.72865,7,5,TRUE,0.927,0.5148,0.377,0.6719
"COTO","20330_SE",20330,"SE","Kootenay Region",49.3813,-117.67793,8,2,TRUE,0.7302,0.7354,0.5619,0.8789
"COTO","206394_NE",206394,"NE","Northern Region",53.63655,-132.05056,4,0,FALSE,0.003,0.0866,0.0108,0.2831
"COTO","206394_NW",206394,"NW","Northern Region",53.6372,-132.16251,4,0,FALSE,0.0118,0.1118,0.0206,0.3111
"COTO","206394_SE",206394,"SE","Northern Region",53.60877,-131.99988,4,0,FALSE,0.0028,0.0544,0.0091,0.141
"COTO","206394_SW",206394,"SW","Northern Region",53.57324,-132.11579,4,0,FALSE,0.0059,0.0676,0.0115,0.2094
"COTO","20730_NE",20730,"NE","Northern Region",56.79525,-124.90059,3,0,FALSE,0.002,0.0291,0.0034,0.0952
"COTO","20730_NW",20730,"NW","Northern Region",56.79948,-124.97614,3,0,FALSE,0.0029,0.0239,0.0046,0.0716
"COTO","20730_SE",20730,"SE","Northern Region",56.78457,-124.88544,3,0,FALSE,0.0029,0.0151,0.0036,0.0392
"COTO","20730_SW",20730,"SW","Northern Region",56.76456,-124.98588,2,0,FALSE,0.0022,0.0141,0.0033,0.0371
"COTO","212266_NE",212266,"NE","Okanagan Region",50.751409,-120.480005,9,3,TRUE,0.3528,0.2519,0.1589,0.3539
"COTO","212266_NW",212266,"NW","Okanagan Region",50.777508,-120.5598176,8,2,TRUE,0.2891,0.2256,0.145,0.3154
"COTO","212266_SE",212266,"SE","Okanagan Region",50.714878,-120.492405,8,5,TRUE,0.8172,0.4716,0.3093,0.6407
"COTO","212266_SW",212266,"SW","Okanagan Region",50.732357,-120.521811,8,7,TRUE,0.9924,0.4665,0.3099,0.6309
"COTO","212906_NW",212906,"NW","South Coastal Region",49.36971,-124.79984,7,2,TRUE,0.4293,0.4944,0.3489,0.6604
"COTO","212906_SE",212906,"SE","South Coastal Region",49.35175,-124.74136,7,3,TRUE,0.4654,0.3236,0.2164,0.438
"COTO","212906_SW",212906,"SW","South Coastal Region",49.33595,-124.7423,6,1,TRUE,0.2582,0.3685,0.2467,0.5073
"COTO","216746_NW",216746,"NW","South Coastal Region",49.10675,-125.78544,5,1,TRUE,0.2305,0.3101,0.1826,0.4674
"COTO","216746_SE",216746,"SE","South Coastal Region",49.07768,-125.74644,8,3,TRUE,0.6406,0.5178,0.3048,0.7308
"COTO","218282_SE",218282,"SE","Kootenay Region",50.13833,-117.55672,5,2,TRUE,0.8704,0.8062,0.6462,0.9266
"COTO","218282_SW",218282,"SW","Kootenay Region",50.15094,-117.6221,6,2,TRUE,0.5813,0.5306,0.3781,0.7077
"COTO","219626_SW",219626,"SW","South Coastal Region",48.92819,-125.25,2,0,FALSE,0.2393,0.5108,0.299,0.7217
"COTO","226090_NE",226090,"NE","Okanagan Region",50.10929,-120.45236,6,0,FALSE,0.0608,0.2111,0.1021,0.3598
"COTO","226090_NW",226090,"NW","Okanagan Region",50.0999,-120.50647,7,4,TRUE,0.6386,0.2688,0.1803,0.3699
"COTO","226090_SE",226090,"SE","Okanagan Region",50.07156,-120.42266,6,0,FALSE,0.064,0.1517,0.0764,0.2534
"COTO","230186_NE",230186,"NE","Okanagan Region",49.01457,-121.07198,5,2,TRUE,0.6736,0.4811,0.3039,0.6427
"COTO","230186_SE",230186,"SE","Okanagan Region",48.97511,-121.08329,6,2,TRUE,0.5967,0.3982,0.1588,0.6539
"COTO","241002_NE",241002,"NE","Kootenay Region",51.03817,-118.1357,9,0,FALSE,0.039,0.179,0.0662,0.3682
"COTO","241002_NW",241002,"NW","Kootenay Region",51.01597,-118.20292,9,1,TRUE,0.2509,0.449,0.3049,0.6367
"COTO","243562_NE",243562,"NE","Kootenay Region",49.69966,-115.98498,7,1,TRUE,0.267,0.5121,0.3559,0.682
"COTO","243562_SE",243562,"SE","Kootenay Region",49.65068,-115.94692,6,0,FALSE,0.0241,0.4718,0.3046,0.6563
"COTO","252394_NW",252394,"NW","South Coastal Region",48.79865,-125.16568,2,1,TRUE,0.968,0.5717,0.3931,0.7636
"COTO","26170_NE",26170,"NE","Northern Region",53.62052,-132.20883,4,0,FALSE,0.0033,0.0523,0.0106,0.1409
"COTO","26170_NW",26170,"NW","Northern Region",53.60452,-132.28837,3,0,FALSE,0.0037,0.0865,0.0136,0.2739
"COTO","26170_SE",26170,"SE","Northern Region",53.58901,-132.17695,4,0,FALSE,0.0026,0.0569,0.01,0.1664
"COTO","26170_SW",26170,"SW","Northern Region",53.56895,-132.23042,4,0,FALSE,0.0111,0.0644,0.0135,0.1637
"COTO","265749_NE",265749,"NE","Okanagan Region",49.15892,-119.03758,6,0,FALSE,0.2283,0.4561,0.3033,0.6206
"COTO","265749_NW",265749,"NW","Okanagan Region",49.16674,-119.10324,8,0,FALSE,0.0215,0.2243,0.1209,0.3621
"COTO","265749_SE",265749,"SE","Okanagan Region",49.11153,-118.97698,8,5,TRUE,0.7039,0.3844,0.2847,0.4955
"COTO","265749_SW",265749,"SW","Okanagan Region",49.11337,-119.05299,8,1,TRUE,0.2721,0.4209,0.287,0.5609
"COTO","268521_NE",268521,"NE","Kootenay Region",49.49916,-115.03962,6,0,FALSE,0.1145,0.3325,0.2281,0.454
"COTO","268521_NW",268521,"NW","Kootenay Region",49.48855,-115.09812,6,1,TRUE,0.249,0.4188,0.2879,0.5723
"COTO","268521_SE",268521,"SE","Kootenay Region",49.44083,-115.05634,7,1,TRUE,0.2722,0.3359,0.1992,0.5274
"COTO","269777_NW",269777,"NW","Northern Region",57.04083,-122.86281,4,0,FALSE,0.0038,0.005,4e-04,0.0227
"COTO","269777_SW",269777,"SW","Northern Region",57.01497,-122.80521,4,0,FALSE,0.0084,0.0099,0.002,0.0279
"COTO","271731_SW",271731,"SW","Kootenay Region",51.24146,-117.64962,9,3,TRUE,0.5144,0.3729,0.222,0.5622
"COTO","273050_SE",273050,"SE","South Coastal Region",49.00511,-125.65145,3,1,TRUE,0.7356,0.5295,0.3529,0.7055
"COTO","283586_NE",283586,"NE","Northern Region",54.3558,-128.5366,6,0,FALSE,0.0302,0.0963,0.0182,0.2647
"COTO","283586_NW",283586,"NW","Northern Region",54.3321,-128.6266,8,0,FALSE,0.0208,0.069,0.0157,0.1711
"COTO","283586_SE",283586,"SE","Northern Region",54.31162,-128.54374,8,0,FALSE,0.0065,0.0552,0.0076,0.1389
"COTO","283586_SW",283586,"SW","Northern Region",54.2946,-128.581,8,0,FALSE,0.0226,0.0786,0.0153,0.2167
"COTO","294832_NE",294832,"NE","Northern Region",56.3348,-120.97877,8,0,FALSE,0.0088,0.0178,0.0029,0.059
"COTO","294832_NW",294832,"NW","Northern Region",56.33264,-121.00747,8,0,FALSE,0.0058,0.0151,0.0029,0.0451
"COTO","294832_SE",294832,"SE","Northern Region",56.30206,-120.94608,6,0,FALSE,0.0052,0.011,0.0022,0.0317
"COTO","294832_SW",294832,"SW","Northern Region",56.30496,-121.00198,7,0,FALSE,0.0035,0.0099,0.0017,0.031
"COTO","317428_NE",317428,"NE","South Coastal Region",49.06292,-120.79944,8,1,TRUE,0.1875,0.1582,0.0678,0.2901
"COTO","317428_NW",317428,"NW","South Coastal Region",49.06417,-120.90943,8,0,FALSE,0.0829,0.1489,0.0445,0.309
"COTO","317428_SE",317428,"SE","South Coastal Region",49.06053,-120.77309,7,1,TRUE,0.2129,0.1961,0.0893,0.3437
"COTO","317428_SW",317428,"SW","South Coastal Region",49.04617,-120.85085,6,1,TRUE,0.2304,0.1054,0.0275,0.2492
"COTO","326072_NE",326072,"NE","South Coastal Region",49.09743,-122.51957,7,1,TRUE,0.2388,0.4734,0.3294,0.6245
"COTO","326072_NW",326072,"NW","South Coastal Region",49.05235,-122.58989,9,0,FALSE,0.0243,0.4645,0.3156,0.6256
"COTO","326072_SE",326072,"SE","South Coastal Region",49.0144,-122.52755,6,1,TRUE,0.266,0.4743,0.3262,0.635
"COTO","326072_SW",326072,"SW","South Coastal Region",49.01082,-122.58104,9,2,TRUE,0.284,0.3565,0.2355,0.497
"COTO","37274_NE",37274,"NE","Northern Region",53.08874,-119.20318,6,0,FALSE,6e-04,0.0126,0.0014,0.0487
"COTO","37274_SE",37274,"SE","Northern Region",53.05051,-119.21418,5,0,FALSE,0.0019,0.0121,0.0024,0.0338
"COTO","37274_SW",37274,"SW","Northern Region",53.03564,-119.22895,6,0,FALSE,0.0016,0.01,0.0017,0.0315
"COTO","38442_NW",38442,"NW","Okanagan Region",51.51999,-122.28978,6,3,TRUE,0.738,0.44,0.3043,0.594
"COTO","38442_SW",38442,"SW","Okanagan Region",51.50238,-122.28992,7,1,TRUE,0.3086,0.4102,0.2828,0.5594
"COTO","42026_NE",42026,"NE","Northern Region",55.85527,-121.65345,3,0,FALSE,0.001,0.0143,0.0029,0.042
"COTO","42026_NW",42026,"NW","Northern Region",55.83616,-121.71691,3,0,FALSE,0.0015,0.0131,0.0029,0.0356
"COTO","42026_SE",42026,"SE","Northern Region",55.81797,-121.66405,3,0,FALSE,9e-04,0.0171,0.0036,0.0491
"COTO","42026_SW",42026,"SW","Northern Region",55.81131,-121.70131,3,0,FALSE,9e-04,0.0158,0.0031,0.0457
"COTO","47210_NW",47210,"NW","Okanagan Region",49.84159,-119.9783,3,1,TRUE,0.3702,0.3824,0.2411,0.5218
"COTO","47210_SE",47210,"SE","Okanagan Region",49.79638,-119.86985,3,2,TRUE,0.7727,0.4614,0.3004,0.6396
"COTO","47210_SW",47210,"SW","Okanagan Region",49.79097,-119.95267,2,1,TRUE,0.5059,0.2335,0.1476,0.3321
"COTO","47322_NE",47322,"NE","Northern Region",55.69808,-120.43213,8,0,FALSE,0.0027,0.0121,0.0025,0.0345
"COTO","47322_NW",47322,"NW","Northern Region",55.70016,-120.48989,6,0,FALSE,0.0042,0.0128,0.0028,0.0339
"COTO","47322_SE",47322,"SE","Northern Region",55.64597,-120.40102,5,0,FALSE,0.0036,0.0129,0.0026,0.0379
"COTO","47322_SW",47322,"SW","Northern Region",55.65446,-120.49465,8,0,FALSE,0.0051,0.0157,0.0037,0.041
"COTO","57322_NE",57322,"NE","South Coastal Region",49.09454,-122.09881,7,3,TRUE,0.8385,0.5405,0.3726,0.7125
"COTO","57322_NW",57322,"NW","South Coastal Region",49.07915,-122.16077,7,0,FALSE,0.0968,0.5628,0.4092,0.7278
"COTO","57322_SE",57322,"SE","South Coastal Region",49.0141,-122.09198,7,2,TRUE,0.387,0.5497,0.3765,0.7151
"COTO","57322_SW",57322,"SW","South Coastal Region",49.01663,-122.15131,7,0,FALSE,0.1207,0.3598,0.2409,0.51
"COTO","58842_NW",58842,"NW","Northern Region",54.79952,-121.1886,2,0,FALSE,0.0211,0.0474,0.0081,0.1464
"COTO","58842_SE",58842,"SE","Northern Region",54.73781,-121.16052,2,0,FALSE,0.0108,0.0286,0.005,0.0859
"COTO","58842_SW",58842,"SW","Northern Region",54.75716,-121.25541,2,0,FALSE,0.0138,0.0302,0.005,0.0945
"COTO","5994_NE",5994,"NE","Kootenay Region",49.26067,-115.24894,5,1,TRUE,0.4911,0.6998,0.5555,0.8403
"COTO","5994_SE",5994,"SE","Kootenay Region",49.21228,-115.26277,5,3,TRUE,0.8778,0.6484,0.4752,0.8174
"COTO","60586_NW",60586,"NW","Kootenay Region",50.93041,-116.39001,6,1,TRUE,0.3627,0.5068,0.3709,0.656
"COTO","60586_SW",60586,"SW","Kootenay Region",50.90342,-116.39335,6,0,FALSE,0.0425,0.4707,0.2582,0.7407
"COTO","6202_NE",6202,"NE","South Coastal Region",48.53741,-123.50119,6,2,TRUE,0.4744,0.4169,0.2817,0.5779
"COTO","6202_NW",6202,"NW","South Coastal Region",48.50788,-123.60088,6,1,TRUE,0.2872,0.4505,0.286,0.6345
"COTO","6202_SE",6202,"SE","South Coastal Region",48.48934,-123.5079,4,1,TRUE,0.3304,0.4136,0.3046,0.5362
"COTO","6202_SW",6202,"SW","South Coastal Region",48.48637,-123.54913,7,3,TRUE,0.8287,0.5689,0.4257,0.7198
"COTO","70250_NW",70250,"NW","Kootenay Region",51.24583,-116.91793,6,1,TRUE,0.4094,0.5751,0.4195,0.7339
"COTO","70250_SW",70250,"SW","Kootenay Region",51.20982,-116.89974,4,0,FALSE,0.1347,0.5307,0.3903,0.6932
"COTO","73002_NE",73002,"NE","Okanagan Region",50.85067,-121.87219,8,0,FALSE,0.0278,0.5091,0.3556,0.6609
"COTO","73002_SE",73002,"SE","Okanagan Region",50.82484,-121.86896,9,1,TRUE,0.2601,0.3645,0.2372,0.4929
"COTO","73002_SW",73002,"SW","Okanagan Region",50.80422,-121.87782,9,3,TRUE,0.4424,0.3783,0.2637,0.5048
"COTO","73786_NW",73786,"NW","South Coastal Region",49.12334,-123.06198,9,0,FALSE,0.0208,0.4638,0.312,0.6274
"COTO","73786_SE",73786,"SE","South Coastal Region",49.12604,-123.00163,9,0,FALSE,0.0113,0.4738,0.2928,0.6669
"COTO","73786_SW",73786,"SW","South Coastal Region",49.10823,-123.07992,7,0,FALSE,0.0512,0.3041,0.1561,0.5029
"COTO","77162_NE",77162,"NE","Kootenay Region",50.95478,-118.09975,5,0,FALSE,0.0671,0.153,0.0513,0.3001
"COTO","77162_SW",77162,"SW","Kootenay Region",50.886,-118.10586,8,4,TRUE,0.6705,0.7233,0.5703,0.8568
"COTO","79018_NE",79018,"NE","Kootenay Region",50.2021,-116.91007,8,5,TRUE,0.6975,0.5246,0.3792,0.6751
"COTO","79018_NW",79018,"NW","Kootenay Region",50.19383,-116.94752,8,8,TRUE,1,0.7529,0.5712,0.8973
"COTO","79018_SE",79018,"SE","Kootenay Region",50.18723,-116.90419,8,4,TRUE,0.6406,0.6687,0.5036,0.8282
"COTO","79018_SW",79018,"SW","Kootenay Region",50.17771,-116.95968,7,7,TRUE,1,0.7171,0.5513,0.8647
"COTO","86074_NE",86074,"NE","South Coastal Region",49.23087,-122.3056,7,3,TRUE,0.6067,0.6247,0.4431,0.7931
"COTO","86074_NW",86074,"NW","South Coastal Region",49.18442,-122.40331,3,2,TRUE,0.7778,0.5186,0.3835,0.6658
"COTO","86074_SE",86074,"SE","South Coastal Region",49.16962,-122.3193,4,3,TRUE,0.8041,0.3684,0.2415,0.514
"COTO","86074_SW",86074,"SW","South Coastal Region",49.14174,-122.38204,6,3,TRUE,0.7181,0.4765,0.3411,0.6176
"COTO","89962_NE",89962,"NE","Kootenay Region",49.07682,-117.5986,3,0,FALSE,0.1844,0.6629,0.4825,0.8245
"COTO","89962_SE",89962,"SE","Kootenay Region",49.00974,-117.57236,3,3,TRUE,1,0.5584,0.3908,0.7462
"COTO","89962_SW",89962,"SW","Kootenay Region",49.0077,-117.63034,3,2,TRUE,0.9921,0.7681,0.5287,0.9357
"COTO","93290_NE",93290,"NE","Okanagan Region",49.44361,-119.56535,6,0,FALSE,0.0567,0.3363,0.219,0.4761
"COTO","93290_NW",93290,"NW","Okanagan Region",49.41531,-119.6018,9,5,TRUE,0.6193,0.4555,0.3262,0.6011
"COTO","93290_SE",93290,"SE","Okanagan Region",49.38433,-119.56165,8,0,FALSE,0.0725,0.3827,0.2501,0.5392
"COTO","93290_SW",93290,"SW","Okanagan Region",49.37943,-119.59374,9,5,TRUE,0.6913,0.4468,0.2964,0.599
"COTO","94522_NW",94522,"NW","Northern Region",53.10732,-131.86467,3,0,FALSE,0.0154,0.065,0.0136,0.1767
"COTO","94522_SE",94522,"SE","Northern Region",53.08196,-131.77925,3,0,FALSE,0.0137,0.0441,0.0107,0.1057
"COTO","9466_NE",9466,"NE","Northern Region",57.34435,-125.50932,2,0,FALSE,0.003,0.0197,0.0041,0.0566
"COTO","9466_NW",9466,"NW","Northern Region",57.3459,-125.55037,3,0,FALSE,0.003,0.0291,0.0038,0.0962
"COTO","9466_SE",9466,"SE","Northern Region",57.31575,-125.49037,3,0,FALSE,0.0054,0.0195,0.0041,0.0539
"COTO","9466_SW",9466,"SW","Northern Region",57.29483,-125.51474,3,0,FALSE,0.0022,0.0155,0.0033,0.043
"COTO","986_NE",986,"NE","Northern Region",53.188,-121.30225,8,0,FALSE,0.0011,0.0256,0.0019,0.0972
"COTO","986_SE",986,"SE","Northern Region",53.1392,-121.2577,6,0,FALSE,0.0014,0.0158,0.0019,0.0579
