"site","lat","long","grts_cell","region","water_nearby","site_type","dist_road_km","dist_harvest_km","region_idx","elevation_m","GRTS.Cell.ID","Quadrant"
"110378_NE",49.04717,-119.5574,110378,"Okanagan Region",1,"Rotating",0.05983249097,0.9384167017,3,855,NA,NA
"110378_NW",49.035355,-119.575462,110378,"Okanagan Region",1,"Rotating",0.07550459824,1.260797796,3,868,NA,NA
"110378_SE",49.01485,-119.53228,110378,"Okanagan Region",0,"Rotating",0.1456191997,1.055805588,3,979,NA,NA
"110378_SW",49.004116,-119.595522,110378,"Okanagan Region",0,"Rotating",0.1284218289,1.884735428,3,696,NA,NA
"114602_NE",49.70588,-125.06708,114602,"South Coastal Region",0,"Rotating",0.05178907306,0.2118158779,4,85,NA,NA
"114602_NW",49.67623,-125.13792,114602,"South Coastal Region",0,"Rotating",0.02255201024,0.6399905355,4,367,NA,NA
"114602_SE",49.65756,-125.0438,114602,"South Coastal Region",0,"Rotating",0.2233894339,1.25076844,4,87,NA,NA
"114602_SW",49.64146,-125.08654,114602,"South Coastal Region",1,"Rotating",0.04365812049,1.186680084,4,138,NA,NA
"115322_NE",52.37764,-125.98565,115322,"Northern Region",0,"Rotating",0.1125022593,6.628371071,2,331,NA,NA
"115322_NW",52.37481,-126.08159,115322,"Northern Region",1,"Rotating",0.2224003113,1.024622202,2,155,NA,NA
"115322_SE",52.35752,-126.01253,115322,"Northern Region",1,"Rotating",0.1962012273,4.038097902,2,192,NA,NA
"115322_SW",52.34498,-126.07967,115322,"Northern Region",1,"Rotating",0,0.08753053813,2,276,NA,NA
"1194_NW",50.117491,-117.522995,1194,"Kootenay Region",1,"Always On",0.02490249454,0.9215126914,1,668,NA,NA
"12522_NE",49.721545,-124.515633,12522,"South Coastal Region",1,"Always On",0.01145565177,0.546645295,4,105,NA,NA
"12522_NW",49.757569,-124.563075,12522,"South Coastal Region",0,"Always On",0.01700888894,0.068510461,4,41,NA,NA
"12522_SE",49.70213,-124.47636,12522,"South Coastal Region",1,"Always On",0.5024073311,0.429677203,4,199,NA,NA
"12522_SW",49.7022,-124.52268,12522,"South Coastal Region",0,"Always On",0.04416296067,0.8545436541,4,107,NA,NA
"127850_NE",49.313072,-115.01912,127850,"Kootenay Region",0,"Always On",0,2.518593496,1,1244,NA,NA
"127850_NW",49.309601,-115.052005,127850,"Kootenay Region",0,"Always On",0.01720417684,2.59206363,1,928,NA,NA
"127850_SE",49.284975,-114.953949,127850,"Kootenay Region",1,"Always On",0.02149092684,1.183838314,1,1009,NA,NA
"127850_SW",49.267101,-115.02532,127850,"Kootenay Region",0,"Always On",0.09175681645,2.173582513,1,986,NA,NA
"128058_NE",48.841169,-123.427265,128058,"South Coastal Region",1,"Rotating",0.2640836948,2.736497264,4,8,NA,NA
"128058_NW",48.82144,-123.486428,128058,"South Coastal Region",1,"Rotating",0.009085159735,1.7946263,4,108,NA,NA
"128058_SW",48.798281,-123.476317,128058,"South Coastal Region",1,"Rotating",0.03849128587,2.644988923,4,92,NA,NA
"132650_SE",51.818279,-122.4214442,132650,"Okanagan Region",0,"Rotating",0.001540658265,3.962055807,3,574,NA,NA
"132650_SW",51.80225,-122.46284,132650,"Okanagan Region",0,"Rotating",0.2829378448,4.298402042,3,837,NA,NA
"137274_NE",48.79,-123.6988,137274,"South Coastal Region",1,"Rotating",0.2721503928,1.666689469,4,10,NA,NA
"137274_NW",48.7891,-123.719,137274,"South Coastal Region",1,"Rotating",0.02971448606,1.249527992,4,25,NA,NA
"137274_SE",48.7539,-123.6447,137274,"South Coastal Region",1,"Rotating",0.1507193816,1.552003235,4,3,NA,NA
"143274_NE",50.3377,-122.8012,143274,"South Coastal Region",0,"Rotating",0.039030495,0.9661518287,4,247,NA,NA
"143274_NW",50.3446,-122.8479,143274,"South Coastal Region",1,"Rotating",0.179419662,0.08312037024,4,231,NA,NA
"143274_SE",50.3004,-122.758,143274,"South Coastal Region",1,"Rotating",0.2236128108,0.3700218478,4,207,NA,NA
"143274_SW",50.2961,-122.8048,143274,"South Coastal Region",0,"Rotating",0.07657301331,0.4239778677,4,318,NA,NA
"145578_NE",49.931778,-115.655583,145578,"Kootenay Region",0,"Rotating",0.02006523619,0,1,911,NA,NA
"145578_NW",49.935444,-115.674972,145578,"Kootenay Region",0,"Rotating",0.004830469903,0.4393805754,1,942,NA,NA
"145578_SE",49.899833,-115.642222,145578,"Kootenay Region",1,"Rotating",0.2503972128,0.1173066,1,964,NA,NA
"145578_SW",49.895889,-115.695,145578,"Kootenay Region",1,"Rotating",0.1320498469,0.1649779423,1,864,NA,NA
"16426_NE",54.82137,-123.355785,16426,"Northern Region",0,"Rotating",0.01202715834,1.726082815,2,867,NA,NA
"16426_SE",54.818945,-123.339974,16426,"Northern Region",1,"Rotating",0.03753565792,2.281264463,2,856,NA,NA
"172090_NE",49.37012,-122.94857,172090,"South Coastal Region",0,"Rotating",0.01001270836,6.24877454,4,1063,NA,NA
"172090_NW",49.3468347,-123.009846,172090,"South Coastal Region",1,"Rotating",0.1598769048,2.749180976,4,191,NA,NA
"172090_SE",49.32364,-122.97036,172090,"South Coastal Region",0,"Rotating",0,6.60012463,4,136,NA,NA
"172090_SW",49.31421,-123.01406,172090,"South Coastal Region",1,"Rotating",0.04918120684,5.82659783,4,15,NA,NA
"175354_SE",59.42418,-125.94917,175354,"Northern Region",0,"Rotating",0.001126410447,74.85105621,2,439,NA,NA
"175354_SW",59.40931,-126.09868,175354,"Northern Region",0,"Rotating",0.02931769747,78.52853379,2,440,NA,NA
"17706_NW",51.97600921,-120.1036777,17706,"Northern Region",1,"Rotating",0.478035762,5.859951196,2,825,NA,NA
"17706_SE",51.940804,-120.016832,17706,"Northern Region",1,"Rotating",0.6079035123,0.3277912016,2,713,NA,NA
"17706_SW",51.94316,-120.06784,17706,"Northern Region",0,"Rotating",0.0264606054,1.549550726,2,738,NA,NA
"186490_NW",54.754,-127.12678,186490,"Northern Region",0,"Rotating",4.6724036e-05,2.900938621,2,480,NA,NA
"186490_SE",54.722574,-126.997418,186490,"Northern Region",0,"Rotating",0.01698497489,0.7170475043,2,786,NA,NA
"186490_SW",54.722779,-127.053965,186490,"Northern Region",1,"Rotating",0.000613771215,1.916020024,2,528,NA,NA
"194666_NE",50.230138,-119.32344,194666,"Okanagan Region",0,"Always On",0.004665078115,1.169445997,3,510,NA,NA
"194666_SW",50.169151,-119.410806,194666,"Okanagan Region",0,"Always On",0.05223873791,1.554526863,3,836,NA,NA
"20330_NE",49.424541,-117.7286549,20330,"Kootenay Region",0,"Always On",0.08621435239,0.9565048781,1,925,NA,NA
"20330_SE",49.381304,-117.6779339,20330,"Kootenay Region",0,"Always On",0.1318795132,0.6071974552,1,599,NA,NA
"206394_NE",53.636548,-132.050561,206394,"Northern Region",0.520547945205479,"Rotating",0.5189687749,3.002104115,2,31,NA,NA
"206394_NW",53.637196,-132.162509,206394,"Northern Region",0.520547945205479,"Rotating",0.02688651872,0,2,32,NA,NA
"206394_SE",53.608769,-131.99988,206394,"Northern Region",0.520547945205479,"Rotating",0.0471415867,1.965326903,2,29,NA,NA
"206394_SW",53.573235,-132.115794,206394,"Northern Region",0.520547945205479,"Rotating",0.1039524567,0.1496907156,2,71,NA,NA
"20730_NE",56.7952475,-124.9005858,20730,"Northern Region",0.520547945205479,"Always On",0.03519104728,1.96327538,2,690,NA,NA
"20730_NW",56.79948362,-124.9761373,20730,"Northern Region",0.520547945205479,"Always On",0.1408644294,0.04340301436,2,787,NA,NA
"20730_SE",56.7845655,-124.8854358,20730,"Northern Region",0.520547945205479,"Always On",0.01480558094,0.9620677124,2,688,NA,NA
"212266_NE",50.7512766,-120.4800092,212266,"Okanagan Region",1,"Always On",0.01727702937,6.620524247,3,752,NA,NA
"212266_NW",50.7775476,-120.5598176,212266,"Okanagan Region",1,"Always On",0.03206587522,1.395310294,3,1104,NA,NA
"212266_SE",50.7148071,-120.4925243,212266,"Okanagan Region",1,"Always On",0.3304393767,8.957108883,3,343,NA,NA
"212266_SW",50.7323352,-120.5218426,212266,"Okanagan Region",1,"Always On",0.3440526404,6.906167127,3,395,NA,NA
"212906_NW",49.36971,-124.79984,212906,"South Coastal Region",0,"Rotating",0.0089450165,0.009855866476,4,226,NA,NA
"212906_SE",49.35175,-124.74136,212906,"South Coastal Region",1,"Rotating",0.000182007324,1.00241616,4,157,NA,NA
"212906_SW",49.33595,-124.7423,212906,"South Coastal Region",0,"Rotating",0,0.9267326499,4,131,NA,NA
"216746_NW",49.106754,-125.78544,216746,"South Coastal Region",1,"Always On",0.01432371363,2.978330433,4,13,NA,NA
"216746_SE",49.077676,-125.746438,216746,"South Coastal Region",1,"Always On",0.9020542675,1.286644066,4,1,NA,NA
"218282_SE",50.138325,-117.556721,218282,"Kootenay Region",1,"Always On",0.1912523891,0,1,767,NA,NA
"218282_SW",50.150936,-117.622098,218282,"Kootenay Region",1,"Always On",0.1419228903,0.8535157427,1,782,NA,NA
"226090_NE",50.10929,-120.45236,226090,"Okanagan Region",1,"Rotating",0.9714916486,6.44627669,3,1130,NA,NA
"226090_NW",50.0999,-120.50647,226090,"Okanagan Region",1,"Rotating",0.1042316954,2.763690906,3,718,NA,NA
"226090_SE",50.07156,-120.42266,226090,"Okanagan Region",0,"Rotating",0.2881725344,7.009261239,3,1287,NA,NA
"230186_NE",49.014567,-121.071983,230186,"Okanagan Region",0,"Rotating",0.0143325976,2.113284618,3,484,NA,NA
"230186_SE",48.975109,-121.083294,230186,"Okanagan Region",1,"Rotating",0.151817406493965,3.41141787345413,3,498,NA,NA
"241002_NE",51.038169,-118.135697,241002,"Kootenay Region",1,"Always On",0.1213738793,2.976574903,1,1772,NA,NA
"241002_NW",51.015969,-118.202923,241002,"Kootenay Region",0,"Always On",0.004482636919,1.282092544,1,591,NA,NA
"243562_NE",49.699661,-115.984981,243562,"Kootenay Region",0,"Rotating",0.01434466369,0,1,1194,NA,NA
"243562_SE",49.650677,-115.946919,243562,"Kootenay Region",1,"Rotating",0.1656400712,2.553538607,1,1067,NA,NA
"26170_NE",53.620517,-132.208832,26170,"Northern Region",0.520547945205479,"Rotating",0.02674099227,0.5677774757,2,12,NA,NA
"26170_NW",53.604517,-132.288374,26170,"Northern Region",0.520547945205479,"Rotating",0.2886794578,0.1937344669,2,8,NA,NA
"26170_SE",53.58901,-132.176947,26170,"Northern Region",0.520547945205479,"Rotating",0.05792309992,0.7590362778,2,20,NA,NA
"26170_SW",53.568946,-132.230418,26170,"Northern Region",0.520547945205479,"Rotating",0,0.009186533698,2,87,NA,NA
"265749_NE",49.15892,-119.03758,265749,"Okanagan Region",1,"Rotating",0.03952574177,0,3,1077,NA,NA
"265749_NW",49.16674,-119.10324,265749,"Okanagan Region",1,"Rotating",0.8618626271,0.9960676757,3,1085,NA,NA
"265749_SE",49.11153,-118.97698,265749,"Okanagan Region",0,"Rotating",0.02360855138,0.3974501742,3,621,NA,NA
"265749_SW",49.11337,-119.05299,265749,"Okanagan Region",1,"Rotating",0.04516003745,0,3,1037,NA,NA
"268521_NE",49.49916,-115.03962,268521,"Kootenay Region",0,"Always On",0.02066486944,0.1786042,1,1052,NA,NA
"268521_NW",49.48855,-115.09812,268521,"Kootenay Region",0,"Always On",0.02974038888,3.443398332,1,1047,NA,NA
"268521_SE",49.440833,-115.056338,268521,"Kootenay Region",1,"Always On",0.1353535558,0.4342493186,1,970,NA,NA
"269777_NW",57.04083,-122.86281,269777,"Northern Region",0,"Always On",0.2107357816,4.588363437,2,1575,NA,NA
"269777_SW",57.01497,-122.80521,269777,"Northern Region",1,"Always On",0.009870683865,1.666505056,2,941,NA,NA
"271731_SW",51.241464,-117.649615,271731,"Kootenay Region",0,"Always On",0.04888413074,7.96178528,1,1013,NA,NA
"283586_NE",54.3558,-128.5366,283586,"Northern Region",0,"Rotating",0.03124162297,0,2,132,NA,NA
"283586_NW",54.3321,-128.6266,283586,"Northern Region",1,"Rotating",0.0252074934,0,2,156,NA,NA
"283586_SE",54.31162,-128.54374,283586,"Northern Region",1,"Rotating",0.1312254289,0.3578198515,2,189,NA,NA
"283586_SW",54.2946,-128.581,283586,"Northern Region",0,"Rotating",0.009383807434,0,2,207,NA,NA
"294832_NE",56.3348,-120.97877,294832,"Northern Region",1,"Always On",0.1553029348,3.058266685,2,699,NA,NA
"294832_NW",56.33264,-121.00747,294832,"Northern Region",1,"Always On",0.06356088615,2.474423844,2,699,NA,NA
"294832_SE",56.30206,-120.94608,294832,"Northern Region",0,"Always On",0.03167733218,1.132182917,2,729,NA,NA
"294832_SW",56.30496,-121.00198,294832,"Northern Region",0,"Always On",0.03671570557,2.495896582,2,799,NA,NA
"317428_NE",49.06292,-120.799436,317428,"South Coastal Region",1,"Rotating",0.07525785087,0.3726624093,4,1201,NA,NA
"317428_NW",49.06417,-120.90943,317428,"South Coastal Region",0,"Rotating",0,8.277974879,4,1371,NA,NA
"317428_SE",49.06053,-120.77309,317428,"South Coastal Region",0,"Rotating",0.0487102006,0.1459006712,4,1176,NA,NA
"317428_SW",49.04617,-120.85085,317428,"South Coastal Region",1,"Rotating",1.569441336,4.567040757,4,1276,NA,NA
"326072_NE",49.09743,-122.51957,326072,"South Coastal Region",0,"Always On",0.08214961954,7.815346407,4,90,NA,NA
"326072_NW",49.05235,-122.58989,326072,"South Coastal Region",0,"Always On",0.2059313468,14.99310572,4,105,NA,NA
"326072_SE",49.0144,-122.52755,326072,"South Coastal Region",0,"Always On",0.1667329338,15.98553469,4,79,NA,NA
"326072_SW",49.01082,-122.58104,326072,"South Coastal Region",0,"Always On",0.03968325479,18.17697304,4,67,NA,NA
"37274_NE",53.088742,-119.203183,37274,"Northern Region",1,"Rotating",0.3095826599,9.229996395,2,984,NA,NA
"37274_SE",53.050514,-119.214184,37274,"Northern Region",1,"Rotating",0.003348522418,5.064257729,2,836,NA,NA
"37274_SW",53.035636,-119.228949,37274,"Northern Region",0,"Rotating",0.04551184872,3.132808028,2,822,NA,NA
"38442_NW",51.5199863,-122.2897779,38442,"Okanagan Region",0,"Rotating",0.1002431075,4.747043298,3,351,NA,NA
"38442_SW",51.502381,-122.289917,38442,"Okanagan Region",0,"Rotating",0.07464707611,4.482926424,3,381,NA,NA
"42026_NE",55.85526785,-121.6534502,42026,"Northern Region",0.520547945205479,"Always On",0.0299799017,2.7584498,2,752,NA,NA
"42026_NW",55.83615996,-121.7169091,42026,"Northern Region",0.520547945205479,"Always On",0.01181020138,0.2446806228,2,718,NA,NA
"42026_SE",55.81796825,-121.6640549,42026,"Northern Region",0.520547945205479,"Always On",0.03199303206,1.190288137,2,701,NA,NA
"42026_SW",55.81130793,-121.7013079,42026,"Northern Region",0.520547945205479,"Always On",0.1057960683,1.877107631,2,700,NA,NA
"47210_NE",49.84024333,-119.8811811,47210,"Okanagan Region",0.520547945205479,"Always On",0.08532485066,0.1709476801,3,1295,NA,NA
"47210_NW",49.84159091,-119.9782986,47210,"Okanagan Region",0.520547945205479,"Always On",0.06349163953,0,3,1279,NA,NA
"47210_SE",49.79638208,-119.8698479,47210,"Okanagan Region",0.520547945205479,"Always On",0.1740288716,0.007731770866,3,982,NA,NA
"47322_NE",55.698075,-120.43213,47322,"Northern Region",0,"Always On",0.07102453576,0.1811073404,2,916,NA,NA
"47322_NW",55.70016,-120.489889,47322,"Northern Region",1,"Always On",0.02090447252,1.129826052,2,718,NA,NA
"47322_SE",55.64597,-120.40102,47322,"Northern Region",1,"Always On",0.05918764101,0.1619837359,2,893,NA,NA
"47322_SW",55.65446,-120.49465,47322,"Northern Region",1,"Always On",0.02998535336,0.5562251146,2,714,NA,NA
"57322_NE",49.094543,-122.098809,57322,"South Coastal Region",0,"Always On",0.2539629621,2.363509378,4,8,NA,NA
"57322_NW",49.07915,-122.16077,57322,"South Coastal Region",1,"Always On",0.1205385,1.194108838,4,6,NA,NA
"57322_SE",49.0141,-122.09198,57322,"South Coastal Region",0,"Always On",0.012836279,0.4100287022,4,214,NA,NA
"57322_SW",49.016633,-122.151312,57322,"South Coastal Region",1,"Always On",0.005943036135,1.750410131,4,9,NA,NA
"5994_NE",49.260667,-115.248935,5994,"Kootenay Region",0.520547945205479,"Always On",0.1709249629,0.1026117181,1,755,NA,NA
"5994_SE",49.212282,-115.26277,5994,"Kootenay Region",0.520547945205479,"Always On",0.3575045406,0.5139402792,1,850,NA,NA
"60586_NW",50.93041,-116.39001,60586,"Kootenay Region",0,"Always On",0.01689568676,0.961835646,1,790,NA,NA
"60586_SW",50.90342,-116.39335,60586,"Kootenay Region",1,"Always On",0.5465327848,0.9800106674,1,791,NA,NA
"6202_NE",48.537407,-123.501191,6202,"South Coastal Region",0,"Rotating",0.2126708774,4.416441116,4,231,NA,NA
"6202_NW",48.507881,-123.600878,6202,"South Coastal Region",1,"Rotating",0.1690202609,0.03661149594,4,511,NA,NA
"6202_SE",48.4893431,-123.5078995,6202,"South Coastal Region",1,"Rotating",0.03645562852,1.051500975,4,115,NA,NA
"6202_SW",48.486373,-123.549127,6202,"South Coastal Region",1,"Rotating",0.1710092878,2.541465387,4,1,NA,NA
"70250_NW",51.24583,-116.91793,70250,"Kootenay Region",1,"Always On",0.04477389726,1.867429333,1,784,NA,NA
"70250_SW",51.20982,-116.89974,70250,"Kootenay Region",1,"Always On",0.08358280234,0.9486150855,1,784,NA,NA
"73002_NE",50.850673,-121.872189,73002,"Okanagan Region",0,"Always On",0.4153603736,1.990453251,3,410,NA,NA
"73002_SE",50.824841,-121.868963,73002,"Okanagan Region",0,"Always On",0,1.616523735,3,433,NA,NA
"73002_SW",50.80422,-121.87782,73002,"Okanagan Region",0,"Always On",0.01088285157,1.411112609,3,588,NA,NA
"73786_NW",49.12334,-123.06198,73786,"South Coastal Region",1,"Always On",0.05219899771,26.07692664,4,2,NA,NA
"73786_SE",49.12604,-123.001631,73786,"South Coastal Region",1,"Always On",0.06198020321,23.31507149,4,6,NA,NA
"73786_SW",49.108227,-123.079916,73786,"South Coastal Region",1,"Always On",0.07653932696,28.05740503,4,0,NA,NA
"77162_NE",50.95478,-118.09975,77162,"Kootenay Region",0,"Rotating",0.005351036241,5.348763745,1,1882,NA,NA
"77162_SW",50.886,-118.10586,77162,"Kootenay Region",0,"Rotating",0.02263373406,0.40422484,1,483,NA,NA
"79018_NE",50.202097,-116.910069,79018,"Kootenay Region",0,"Always On",0.0194320244,0.2269639997,1,949,NA,NA
"79018_NW",50.193827,-116.947519,79018,"Kootenay Region",0,"Always On",0.1927059048,0.4326385036,1,543,NA,NA
"79018_SE",50.187225,-116.904186,79018,"Kootenay Region",0,"Always On",0.003312919565,0,1,876,NA,NA
"79018_SW",50.177706,-116.959679,79018,"Kootenay Region",1,"Always On",0.1431021336,0.6145802267,1,537,NA,NA
"86074_NE",49.23087,-122.305598,86074,"South Coastal Region",0,"Always On",0.008829033293,0,4,250,NA,NA
"86074_NW",49.184424,-122.403309,86074,"South Coastal Region",1,"Always On",0.06386608793,2.113166561,4,10,NA,NA
"86074_SE",49.169621,-122.319295,86074,"South Coastal Region",0,"Always On",0.04247243197,0.5261592262,4,140,NA,NA
"86074_SW",49.141737,-122.382035,86074,"South Coastal Region",1,"Always On",0.009565036799,2.299976549,4,13,NA,NA
"89962_NE",49.07682,-117.5986,89962,"Kootenay Region",0.520547945205479,"Always On",0.121143013,2.114058227,1,622,NA,NA
"89962_SE",49.00974,-117.57236,89962,"Kootenay Region",0.520547945205479,"Always On",0.006560468573,0.6926835266,1,477,NA,NA
"89962_SW",49.0077,-117.63034,89962,"Kootenay Region",0.520547945205479,"Always On",0.8385265622,1.949114285,1,448,NA,NA
"93290_NE",49.443606,-119.565345,93290,"Okanagan Region",0,"Always On",0.2994743139,3.905937228,3,612,NA,NA
"93290_NW",49.4153057,-119.6018008,93290,"Okanagan Region",1,"Always On",0.05326662817,2.431751285,3,369,NA,NA
"93290_SE",49.384329,-119.5616458,93290,"Okanagan Region",1,"Always On",0.07001597073,2.125808577,3,341,NA,NA
"93290_SW",49.37943,-119.59374,93290,"Okanagan Region",0,"Always On",0.1875848579,4.097361051,3,560,NA,NA
"94522_NW",53.10732,-131.86467,94522,"Northern Region",1,"Always On",0.05104225867,0.0580305833,2,49,NA,NA
"94522_SE",53.08196,-131.77925,94522,"Northern Region",1,"Always On",0,0.2107891547,2,89,NA,NA
"9466_NE",57.34435226,-125.5093223,9466,"Northern Region",0.520547945205479,"Always On",0.1906551524,0.1261668858,2,748,NA,NA
"9466_NW",57.345896,-125.5503739,9466,"Northern Region",0.520547945205479,"Always On",0.1119223908,0.1474106162,2,797,NA,NA
"9466_SE",57.31574876,-125.4903741,9466,"Northern Region",0.520547945205479,"Always On",0,0.161702612,2,800,NA,NA
"9466_SW",57.2948285,-125.5147378,9466,"Northern Region",0.520547945205479,"Always On",0.06707006024,0.5842346102,2,761,NA,NA
"986_NE",53.188,-121.302249,986,"Northern Region",1,"Rotating",2.400135399,2.167391333,2,913,NA,NA
"986_SE",53.139202,-121.257697,986,"Northern Region",1,"Rotating",2.45100423,1.930172639,2,920,NA,NA
"111466_NE",49.001285,-115.0618438,111466,"Kootenay Region",NA,"Unknown",0.1265788814,1.601998155,NA,827,NA,NA
"111466_NW",49.01860875,-115.0956838,111466,"Kootenay Region",NA,"Unknown",0.1263126223,2.54403817,NA,819,NA,NA
"143338_NE",49.19987,-121.57586,143338,"South Coastal Region",0,"Unknown",0.1012082875,0.01220220296,NA,1159,NA,NA
"143338_NW",49.201168,-121.63672,143338,"South Coastal Region",0,"Unknown",0.1236350951,0,NA,651,NA,NA
"143338_SE",49.13192,-121.57613,143338,"South Coastal Region",0,"Unknown",0.005099909391,0,NA,855,NA,NA
"159722_NE",49.295209,-121.659387,159722,"South Coastal Region",1,"Unknown",NA,NA,NA,24,NA,NA
"159722_SE",49.247376,-121.598903,159722,"South Coastal Region",0,"Unknown",NA,NA,NA,676,NA,NA
"170042_NE",49.476391,-123.688973,170042,"South Coastal Region",0,"Unknown",0.009243343267,0,NA,301,NA,NA
"170042_SE",49.444805,-123.661756,170042,"South Coastal Region",1,"Unknown",0.1204343063,0.1320495794,NA,145,NA,NA
"186330_NE",55.95726904,-122.589492,186330,"Northern Region",1,"Unknown",NA,NA,NA,923,NA,NA
"186330_NW",55.94605604,-122.6592212,186330,"Northern Region",1,"Unknown",NA,NA,NA,736,NA,NA
"20730_SW",56.76456457,-124.985882,20730,"Northern Region",NA,"Unknown",0.02354291116,1.467795425,NA,694,NA,NA
"216746_SW",49.087453,-125.787414,216746,"South Coastal Region",1,"Unknown",NA,NA,NA,26,NA,NA
"219626_SW",48.92819429,-125.25,219626,"South Coastal Region",1,"Unknown",NA,NA,NA,7,NA,NA
"249914_NW",49.20584,-123.26255,249914,"South Coastal Region",NA,"Unknown",0,16.34353388,NA,0,NA,NA
"249914_SE",49.16442,-123.12268,249914,"South Coastal Region",NA,"Unknown",0.1334640604,21.44166061,NA,7,NA,NA
"249914_SW",49.16934,-123.19394,249914,"South Coastal Region",NA,"Unknown",0.08121820081,19.99120067,NA,5,NA,NA
"252394_NW",48.79865,-125.1656819,252394,"South Coastal Region",1,"Unknown",NA,NA,NA,12,NA,NA
"273050_SE",49.003475,-125.638285,273050,"South Coastal Region",1,"Unknown",NA,NA,NA,10,NA,NA
"47210_SW",49.79097,-119.9526683,47210,"Okanagan Region",NA,"Unknown",0.05750237826,0.392425406,NA,1186,NA,NA
"58842_NW",54.799517,-121.188599,58842,"Northern Region",NA,"Unknown",NA,NA,NA,825,NA,NA
"58842_SE",54.737807,-121.160519,58842,"Northern Region",NA,"Unknown",NA,NA,NA,990,NA,NA
"58842_SW",54.757158,-121.255406,58842,"Northern Region",NA,"Unknown",NA,NA,NA,997,NA,NA
"89962_NW",49.06438,-117.61592,89962,"Kootenay Region",NA,"Unknown",0.287926593,2.556154448,NA,405,NA,NA
"14222_NW",55.79907,-133.11502,NA,"Alaska",0,NA,0,NA,NA,48,14222,"NW"
"165326_SW",58.001551,-134.998695,NA,"Alaska",1,NA,8.06255908203125,NA,NA,183,165326,"SW"
"230862_NE",58.01877,-135.11627,NA,"Alaska",1,NA,3.60568579101562,NA,NA,128,230862,"NE"
"231310_SE",56.22812,-132.07308,NA,"Alaska",0,NA,2.1213994140625,NA,NA,128,231310,"SE"
"24782_NE",56.92286,-133.73519,NA,"Alaska",1,NA,1.00003735351563,NA,NA,91,24782,"NE"
"24782_NW",56.8968,-133.8058,NA,"Alaska",1,NA,0,NA,NA,4,24782,"NW"
"24782_SE",56.87244,-133.67403,NA,"Alaska",1,NA,0,NA,NA,35,24782,"SE"
"28110_NW",57.89266,-135.00079,NA,"Alaska",0,NA,14.560763671875,NA,NA,26,28110,"NW"
"28110_SW",57.82621,-134.99721,NA,"Alaska",1,NA,9.5528427734375,NA,NA,7,28110,"SW"
"30606_NE",55.35198,-132.87739,NA,"Alaska",1,NA,2.00007470703125,NA,NA,19,30606,"NE"
"30606_SE",55.28049,-132.82971,NA,"Alaska",1,NA,0,NA,NA,13,30606,"SE"
"32654_SE",56.23237,-133.07987,NA,"Alaska",0,NA,0,NA,NA,43,32654,"SE"
"50638_SW",58.06625,-135.20091,NA,"Alaska",0,NA,0.500018676757813,NA,NA,126,50638,"SW"
"7054_NE",55.87109,-132.88345,NA,"Alaska",1,NA,1.00003735351563,NA,NA,92,7054,"NE"
"99790_SE",57.92361,-134.93918,NA,"Alaska",1,NA,17.0300234375,NA,NA,22,99790,"SE"
