"site","grts_cell","region","region_idx","site_type","lat","long","elevation","water","dist_road_km","dist_harvest_km"
"110378_NE",110378,"Okanagan Region",3,"Rotating",49.04717,-119.5574,1000,1,0.05983249097,0.9384167017
"110378_NW",110378,"Okanagan Region",3,"Rotating",49.035355,-119.575462,1000,1,0.07550459824,1.260797796
"110378_SE",110378,"Okanagan Region",3,"Rotating",49.01485,-119.53228,1000,0,0.1456191997,1.055805588
"110378_SW",110378,"Okanagan Region",3,"Rotating",49.004116,-119.595522,1000,0,0.1284218289,1.884735428
"114602_NE",114602,"South Coastal Region",4,"Rotating",49.70588,-125.06708,1000,0,0.05178907306,0.2118158779
"114602_NW",114602,"South Coastal Region",4,"Rotating",49.67623,-125.13792,1000,0,0.02255201024,0.6399905355
"114602_SE",114602,"South Coastal Region",4,"Rotating",49.65756,-125.0438,1000,0,0.2233894339,1.25076844
"114602_SW",114602,"South Coastal Region",4,"Rotating",49.64146,-125.08654,1000,1,0.04365812049,1.186680084
"115322_NE",115322,"Northern Region",2,"Rotating",52.37764,-125.98565,1000,0,0.1125022593,6.628371071
"115322_NW",115322,"Northern Region",2,"Rotating",52.37481,-126.08159,1000,1,0.2224003113,1.024622202
"115322_SE",115322,"Northern Region",2,"Rotating",52.35752,-126.01253,1000,1,0.1962012273,4.038097902
"115322_SW",115322,"Northern Region",2,"Rotating",52.34498,-126.07967,1000,1,0,0.08753053813
"1194_NW",1194,"Kootenay Region",1,"Always On",50.117491,-117.522995,1000,1,0.02490249454,0.9215126914
"12522_NE",12522,"South Coastal Region",4,"Always On",49.721545,-124.515633,1000,1,0.01145565177,0.546645295
"12522_NW",12522,"South Coastal Region",4,"Always On",49.757569,-124.563075,1000,0,0.01700888894,0.068510461
"12522_SE",12522,"South Coastal Region",4,"Always On",49.70213,-124.47636,1000,1,0.5024073311,0.429677203
"12522_SW",12522,"South Coastal Region",4,"Always On",49.7022,-124.52268,1000,0,0.04416296067,0.8545436541
"127850_NE",127850,"Kootenay Region",1,"Always On",49.313072,-115.01912,1000,0,0,2.518593496
"127850_NW",127850,"Kootenay Region",1,"Always On",49.309601,-115.052005,1000,0,0.01720417684,2.59206363
"127850_SE",127850,"Kootenay Region",1,"Always On",49.284975,-114.953949,1000,1,0.02149092684,1.183838314
"127850_SW",127850,"Kootenay Region",1,"Always On",49.267101,-115.02532,1000,0,0.09175681645,2.173582513
"128058_NE",128058,"South Coastal Region",4,"Rotating",48.841169,-123.427265,1000,1,0.2640836948,2.736497264
"128058_NW",128058,"South Coastal Region",4,"Rotating",48.82144,-123.486428,1000,1,0.009085159735,1.7946263
"128058_SW",128058,"South Coastal Region",4,"Rotating",48.798281,-123.476317,1000,1,0.03849128587,2.644988923
"132650_SE",132650,"Okanagan Region",3,"Rotating",51.818279,-122.4214442,1000,0,0.001540658265,3.962055807
"132650_SW",132650,"Okanagan Region",3,"Rotating",51.80225,-122.46284,1000,0,0.2829378448,4.298402042
"137274_NE",137274,"South Coastal Region",4,"Rotating",48.79,-123.6988,1000,1,0.2721503928,1.666689469
"137274_NW",137274,"South Coastal Region",4,"Rotating",48.7891,-123.719,1000,1,0.02971448606,1.249527992
"137274_SE",137274,"South Coastal Region",4,"Rotating",48.7539,-123.6447,1000,1,0.1507193816,1.552003235
"143274_NE",143274,"South Coastal Region",4,"Rotating",50.3377,-122.8012,1000,0,0.039030495,0.9661518287
"143274_NW",143274,"South Coastal Region",4,"Rotating",50.3446,-122.8479,1000,1,0.179419662,0.08312037024
"143274_SE",143274,"South Coastal Region",4,"Rotating",50.3004,-122.758,1000,1,0.2236128108,0.3700218478
"143274_SW",143274,"South Coastal Region",4,"Rotating",50.2961,-122.8048,1000,0,0.07657301331,0.4239778677
"145578_NE",145578,"Kootenay Region",1,"Rotating",49.931778,-115.655583,1000,0,0.02006523619,0
"145578_NW",145578,"Kootenay Region",1,"Rotating",49.935444,-115.674972,1000,0,0.004830469903,0.4393805754
"145578_SE",145578,"Kootenay Region",1,"Rotating",49.899833,-115.642222,1000,1,0.2503972128,0.1173066
"145578_SW",145578,"Kootenay Region",1,"Rotating",49.895889,-115.695,1000,1,0.1320498469,0.1649779423
"16426_NE",16426,"Northern Region",2,"Rotating",54.82137,-123.355785,1000,0,0.01202715834,1.726082815
"16426_SE",16426,"Northern Region",2,"Rotating",54.818945,-123.339974,1000,1,0.03753565792,2.281264463
"172090_NE",172090,"South Coastal Region",4,"Rotating",49.37012,-122.94857,1000,0,0.01001270836,6.24877454
"172090_NW",172090,"South Coastal Region",4,"Rotating",49.3468347,-123.009846,1000,1,0.1598769048,2.749180976
"172090_SE",172090,"South Coastal Region",4,"Rotating",49.32364,-122.97036,1000,0,0,6.60012463
"172090_SW",172090,"South Coastal Region",4,"Rotating",49.31421,-123.01406,1000,1,0.04918120684,5.82659783
"175354_SE",175354,"Northern Region",2,"Rotating",59.42418,-125.94917,1000,0,0.001126410447,74.85105621
"175354_SW",175354,"Northern Region",2,"Rotating",59.40931,-126.09868,1000,0,0.02931769747,78.52853379
"17706_NW",17706,"Northern Region",2,"Rotating",51.97600921,-120.1036777,1000,1,0.478035762,5.859951196
"17706_SE",17706,"Northern Region",2,"Rotating",51.940804,-120.016832,1000,1,0.6079035123,0.3277912016
"17706_SW",17706,"Northern Region",2,"Rotating",51.94316,-120.06784,1000,0,0.0264606054,1.549550726
"186490_NW",186490,"Northern Region",2,"Rotating",54.754,-127.12678,1000,0,4.6724036e-05,2.900938621
"186490_SE",186490,"Northern Region",2,"Rotating",54.722574,-126.997418,1000,0,0.01698497489,0.7170475043
"186490_SW",186490,"Northern Region",2,"Rotating",54.722779,-127.053965,1000,1,0.000613771215,1.916020024
"194666_NE",194666,"Okanagan Region",3,"Always On",50.230138,-119.32344,1000,0,0.004665078115,1.169445997
"194666_SW",194666,"Okanagan Region",3,"Always On",50.169151,-119.410806,1000,0,0.05223873791,1.554526863
"20330_NE",20330,"Kootenay Region",1,"Always On",49.424541,-117.7286549,1000,0,0.08621435239,0.9565048781
"20330_SE",20330,"Kootenay Region",1,"Always On",49.381304,-117.6779339,1000,0,0.1318795132,0.6071974552
"206394_NE",206394,"Northern Region",2,"Rotating",53.636548,-132.050561,1000,0,0.5189687749,3.002104115
"206394_NW",206394,"Northern Region",2,"Rotating",53.637196,-132.162509,1000,0,0.02688651872,0
"206394_SE",206394,"Northern Region",2,"Rotating",53.608769,-131.99988,1000,0,0.0471415867,1.965326903
"206394_SW",206394,"Northern Region",2,"Rotating",53.573235,-132.115794,1000,0,0.1039524567,0.1496907156
"20730_NE",20730,"Northern Region",2,"Always On",56.7952475,-124.9005858,1000,0,0.03519104728,1.96327538
"20730_NW",20730,"Northern Region",2,"Always On",56.79948362,-124.9761373,1000,0,0.1408644294,0.04340301436
"20730_SE",20730,"Northern Region",2,"Always On",56.7845655,-124.8854358,1000,0,0.01480558094,0.9620677124
"212266_NE",212266,"Okanagan Region",3,"Always On",50.7512766,-120.4800092,1000,1,0.01727702937,6.620524247
"212266_NW",212266,"Okanagan Region",3,"Always On",50.7775476,-120.5598176,1000,1,0.03206587522,1.395310294
"212266_SE",212266,"Okanagan Region",3,"Always On",50.7148071,-120.4925243,1000,1,0.3304393767,8.957108883
"212266_SW",212266,"Okanagan Region",3,"Always On",50.7323352,-120.5218426,1000,1,0.3440526404,6.906167127
"212906_NW",212906,"South Coastal Region",4,"Rotating",49.36971,-124.79984,1000,0,0.0089450165,0.009855866476
"212906_SE",212906,"South Coastal Region",4,"Rotating",49.35175,-124.74136,1000,1,0.000182007324,1.00241616
"212906_SW",212906,"South Coastal Region",4,"Rotating",49.33595,-124.7423,1000,0,0,0.9267326499
"216746_NW",216746,"South Coastal Region",4,"Always On",49.106754,-125.78544,1000,1,0.01432371363,2.978330433
"216746_SE",216746,"South Coastal Region",4,"Always On",49.077676,-125.746438,1000,1,0.9020542675,1.286644066
"218282_SE",218282,"Kootenay Region",1,"Always On",50.138325,-117.556721,1000,1,0.1912523891,0
"218282_SW",218282,"Kootenay Region",1,"Always On",50.150936,-117.622098,1000,1,0.1419228903,0.8535157427
"226090_NE",226090,"Okanagan Region",3,"Rotating",50.10929,-120.45236,1000,1,0.9714916486,6.44627669
"226090_NW",226090,"Okanagan Region",3,"Rotating",50.0999,-120.50647,1000,1,0.1042316954,2.763690906
"226090_SE",226090,"Okanagan Region",3,"Rotating",50.07156,-120.42266,1000,0,0.2881725344,7.009261239
"230186_NE",230186,"Okanagan Region",3,"Rotating",49.014567,-121.071983,1000,0,0.0143325976,2.113284618
"230186_SE",230186,"Okanagan Region",3,"Rotating",48.975109,-121.083294,1000,1,0.151817406493965,3.41141787345413
"241002_NE",241002,"Kootenay Region",1,"Always On",51.038169,-118.135697,1000,1,0.1213738793,2.976574903
"241002_NW",241002,"Kootenay Region",1,"Always On",51.015969,-118.202923,1000,0,0.004482636919,1.282092544
"243562_NE",243562,"Kootenay Region",1,"Rotating",49.699661,-115.984981,1000,0,0.01434466369,0
"243562_SE",243562,"Kootenay Region",1,"Rotating",49.650677,-115.946919,1000,1,0.1656400712,2.553538607
"26170_NE",26170,"Northern Region",2,"Rotating",53.620517,-132.208832,1000,0,0.02674099227,0.5677774757
"26170_NW",26170,"Northern Region",2,"Rotating",53.604517,-132.288374,1000,0,0.2886794578,0.1937344669
"26170_SE",26170,"Northern Region",2,"Rotating",53.58901,-132.176947,1000,0,0.05792309992,0.7590362778
"26170_SW",26170,"Northern Region",2,"Rotating",53.568946,-132.230418,1000,0,0,0.009186533698
"265749_NE",265749,"Okanagan Region",3,"Rotating",49.15892,-119.03758,1000,1,0.03952574177,0
"265749_NW",265749,"Okanagan Region",3,"Rotating",49.16674,-119.10324,1000,1,0.8618626271,0.9960676757
"265749_SE",265749,"Okanagan Region",3,"Rotating",49.11153,-118.97698,1000,0,0.02360855138,0.3974501742
"265749_SW",265749,"Okanagan Region",3,"Rotating",49.11337,-119.05299,1000,1,0.04516003745,0
"268521_NE",268521,"Kootenay Region",1,"Always On",49.49916,-115.03962,1000,0,0.02066486944,0.1786042
"268521_NW",268521,"Kootenay Region",1,"Always On",49.48855,-115.09812,1000,0,0.02974038888,3.443398332
"268521_SE",268521,"Kootenay Region",1,"Always On",49.440833,-115.056338,1000,1,0.1353535558,0.4342493186
"269777_NW",269777,"Northern Region",2,"Always On",57.04083,-122.86281,1000,0,0.2107357816,4.588363437
"269777_SW",269777,"Northern Region",2,"Always On",57.01497,-122.80521,1000,1,0.009870683865,1.666505056
"271731_SW",271731,"Kootenay Region",1,"Always On",51.241464,-117.649615,1000,0,0.04888413074,7.96178528
"283586_NE",283586,"Northern Region",2,"Rotating",54.3558,-128.5366,1000,0,0.03124162297,0
"283586_NW",283586,"Northern Region",2,"Rotating",54.3321,-128.6266,1000,1,0.0252074934,0
"283586_SE",283586,"Northern Region",2,"Rotating",54.31162,-128.54374,1000,1,0.1312254289,0.3578198515
"283586_SW",283586,"Northern Region",2,"Rotating",54.2946,-128.581,1000,0,0.009383807434,0
"294832_NE",294832,"Northern Region",2,"Always On",56.3348,-120.97877,1000,1,0.1553029348,3.058266685
"294832_NW",294832,"Northern Region",2,"Always On",56.33264,-121.00747,1000,1,0.06356088615,2.474423844
"294832_SE",294832,"Northern Region",2,"Always On",56.30206,-120.94608,1000,0,0.03167733218,1.132182917
"294832_SW",294832,"Northern Region",2,"Always On",56.30496,-121.00198,1000,0,0.03671570557,2.495896582
"317428_NE",317428,"South Coastal Region",4,"Rotating",49.06292,-120.799436,1000,1,0.07525785087,0.3726624093
"317428_NW",317428,"South Coastal Region",4,"Rotating",49.06417,-120.90943,1000,0,0,8.277974879
"317428_SE",317428,"South Coastal Region",4,"Rotating",49.06053,-120.77309,1000,0,0.0487102006,0.1459006712
"317428_SW",317428,"South Coastal Region",4,"Rotating",49.04617,-120.85085,1000,1,1.569441336,4.567040757
"326072_NE",326072,"South Coastal Region",4,"Always On",49.09743,-122.51957,1000,0,0.08214961954,7.815346407
"326072_NW",326072,"South Coastal Region",4,"Always On",49.05235,-122.58989,1000,0,0.2059313468,14.99310572
"326072_SE",326072,"South Coastal Region",4,"Always On",49.0144,-122.52755,1000,0,0.1667329338,15.98553469
"326072_SW",326072,"South Coastal Region",4,"Always On",49.01082,-122.58104,1000,0,0.03968325479,18.17697304
"37274_NE",37274,"Northern Region",2,"Rotating",53.088742,-119.203183,1000,1,0.3095826599,9.229996395
"37274_SE",37274,"Northern Region",2,"Rotating",53.050514,-119.214184,1000,1,0.003348522418,5.064257729
"37274_SW",37274,"Northern Region",2,"Rotating",53.035636,-119.228949,1000,0,0.04551184872,3.132808028
"38442_NW",38442,"Okanagan Region",3,"Rotating",51.5199863,-122.2897779,1000,0,0.1002431075,4.747043298
"38442_SW",38442,"Okanagan Region",3,"Rotating",51.502381,-122.289917,1000,0,0.07464707611,4.482926424
"42026_NE",42026,"Northern Region",2,"Always On",55.85526785,-121.6534502,1000,0,0.0299799017,2.7584498
"42026_NW",42026,"Northern Region",2,"Always On",55.83615996,-121.7169091,1000,0,0.01181020138,0.2446806228
"42026_SE",42026,"Northern Region",2,"Always On",55.81796825,-121.6640549,1000,0,0.03199303206,1.190288137
"42026_SW",42026,"Northern Region",2,"Always On",55.81130793,-121.7013079,1000,0,0.1057960683,1.877107631
"47210_NE",47210,"Okanagan Region",3,"Always On",49.84024333,-119.8811811,1000,0,0.08532485066,0.1709476801
"47210_NW",47210,"Okanagan Region",3,"Always On",49.84159091,-119.9782986,1000,0,0.06349163953,0
"47210_SE",47210,"Okanagan Region",3,"Always On",49.79638208,-119.8698479,1000,0,0.1740288716,0.007731770866
"47322_NE",47322,"Northern Region",2,"Always On",55.698075,-120.43213,1000,0,0.07102453576,0.1811073404
"47322_NW",47322,"Northern Region",2,"Always On",55.70016,-120.489889,1000,1,0.02090447252,1.129826052
"47322_SE",47322,"Northern Region",2,"Always On",55.64597,-120.40102,1000,1,0.05918764101,0.1619837359
"47322_SW",47322,"Northern Region",2,"Always On",55.65446,-120.49465,1000,1,0.02998535336,0.5562251146
"57322_NE",57322,"South Coastal Region",4,"Always On",49.094543,-122.098809,1000,0,0.2539629621,2.363509378
"57322_NW",57322,"South Coastal Region",4,"Always On",49.07915,-122.16077,1000,1,0.1205385,1.194108838
"57322_SE",57322,"South Coastal Region",4,"Always On",49.0141,-122.09198,1000,0,0.012836279,0.4100287022
"57322_SW",57322,"South Coastal Region",4,"Always On",49.016633,-122.151312,1000,1,0.005943036135,1.750410131
"5994_NE",5994,"Kootenay Region",1,"Always On",49.260667,-115.248935,1000,0,0.1709249629,0.1026117181
"5994_SE",5994,"Kootenay Region",1,"Always On",49.212282,-115.26277,1000,0,0.3575045406,0.5139402792
"60586_NW",60586,"Kootenay Region",1,"Always On",50.93041,-116.39001,1000,0,0.01689568676,0.961835646
"60586_SW",60586,"Kootenay Region",1,"Always On",50.90342,-116.39335,1000,1,0.5465327848,0.9800106674
"6202_NE",6202,"South Coastal Region",4,"Rotating",48.537407,-123.501191,1000,0,0.2126708774,4.416441116
"6202_NW",6202,"South Coastal Region",4,"Rotating",48.507881,-123.600878,1000,1,0.1690202609,0.03661149594
"6202_SE",6202,"South Coastal Region",4,"Rotating",48.4893431,-123.5078995,1000,1,0.03645562852,1.051500975
"6202_SW",6202,"South Coastal Region",4,"Rotating",48.486373,-123.549127,1000,1,0.1710092878,2.541465387
"70250_NW",70250,"Kootenay Region",1,"Always On",51.24583,-116.91793,1000,1,0.04477389726,1.867429333
"70250_SW",70250,"Kootenay Region",1,"Always On",51.20982,-116.89974,1000,1,0.08358280234,0.9486150855
"73002_NE",73002,"Okanagan Region",3,"Always On",50.850673,-121.872189,1000,0,0.4153603736,1.990453251
"73002_SE",73002,"Okanagan Region",3,"Always On",50.824841,-121.868963,1000,0,0,1.616523735
"73002_SW",73002,"Okanagan Region",3,"Always On",50.80422,-121.87782,1000,0,0.01088285157,1.411112609
"73786_NW",73786,"South Coastal Region",4,"Always On",49.12334,-123.06198,1000,1,0.05219899771,26.07692664
"73786_SE",73786,"South Coastal Region",4,"Always On",49.12604,-123.001631,1000,1,0.06198020321,23.31507149
"73786_SW",73786,"South Coastal Region",4,"Always On",49.108227,-123.079916,1000,1,0.07653932696,28.05740503
"77162_NE",77162,"Kootenay Region",1,"Rotating",50.95478,-118.09975,1000,0,0.005351036241,5.348763745
"77162_SW",77162,"Kootenay Region",1,"Rotating",50.886,-118.10586,1000,0,0.02263373406,0.40422484
"79018_NE",79018,"Kootenay Region",1,"Always On",50.202097,-116.910069,1000,0,0.0194320244,0.2269639997
"79018_NW",79018,"Kootenay Region",1,"Always On",50.193827,-116.947519,1000,0,0.1927059048,0.4326385036
"79018_SE",79018,"Kootenay Region",1,"Always On",50.187225,-116.904186,1000,0,0.003312919565,0
"79018_SW",79018,"Kootenay Region",1,"Always On",50.177706,-116.959679,1000,1,0.1431021336,0.6145802267
"86074_NE",86074,"South Coastal Region",4,"Always On",49.23087,-122.305598,1000,0,0.008829033293,0
"86074_NW",86074,"South Coastal Region",4,"Always On",49.184424,-122.403309,1000,1,0.06386608793,2.113166561
"86074_SE",86074,"South Coastal Region",4,"Always On",49.169621,-122.319295,1000,0,0.04247243197,0.5261592262
"86074_SW",86074,"South Coastal Region",4,"Always On",49.141737,-122.382035,1000,1,0.009565036799,2.299976549
"89962_NE",89962,"Kootenay Region",1,"Always On",49.07682,-117.5986,1000,0,0.121143013,2.114058227
"89962_SE",89962,"Kootenay Region",1,"Always On",49.00974,-117.57236,1000,0,0.006560468573,0.6926835266
"89962_SW",89962,"Kootenay Region",1,"Always On",49.0077,-117.63034,1000,0,0.8385265622,1.949114285
"93290_NE",93290,"Okanagan Region",3,"Always On",49.443606,-119.565345,1000,0,0.2994743139,3.905937228
"93290_NW",93290,"Okanagan Region",3,"Always On",49.4153057,-119.6018008,1000,1,0.05326662817,2.431751285
"93290_SE",93290,"Okanagan Region",3,"Always On",49.384329,-119.5616458,1000,1,0.07001597073,2.125808577
"93290_SW",93290,"Okanagan Region",3,"Always On",49.37943,-119.59374,1000,0,0.1875848579,4.097361051
"94522_NW",94522,"Northern Region",2,"Always On",53.10732,-131.86467,1000,1,0.05104225867,0.0580305833
"94522_SE",94522,"Northern Region",2,"Always On",53.08196,-131.77925,1000,1,0,0.2107891547
"9466_NE",9466,"Northern Region",2,"Always On",57.34435226,-125.5093223,1000,0,0.1906551524,0.1261668858
"9466_NW",9466,"Northern Region",2,"Always On",57.345896,-125.5503739,1000,0,0.1119223908,0.1474106162
"9466_SE",9466,"Northern Region",2,"Always On",57.31574876,-125.4903741,1000,0,0,0.161702612
"9466_SW",9466,"Northern Region",2,"Always On",57.2948285,-125.5147378,1000,0,0.06707006024,0.5842346102
"986_NE",986,"Northern Region",2,"Rotating",53.188,-121.302249,1000,1,2.400135399,2.167391333
"986_SE",986,"Northern Region",2,"Rotating",53.139202,-121.257697,1000,1,2.45100423,1.930172639
