species,scenario,year,psi_mean,psi_lcl,psi_ucl
LACI,full,2016,0.6884399385560676,0.5668202764976958,0.8018433179723502
LACI,full,2017,0.7389296466973886,0.6451612903225806,0.8202764976958525
LACI,full,2018,0.7605376344086021,0.6912442396313364,0.8294930875576036
LACI,full,2019,0.6874427035330261,0.6405529953917051,0.7327188940092166
LACI,full,2020,0.6289732718894009,0.5852534562211982,0.6728110599078341
LACI,full,2021,0.6877124423963134,0.6405529953917051,0.7373271889400922
LACI,full,2022,0.5866605222734255,0.5483870967741935,0.6221198156682027
LACI,full,2023,0.709152688172043,0.663594470046083,0.7511520737327189
LACI,full,2024,0.7247723502304148,0.6774193548387096,0.7695852534562212
LACI,rotation_2yr,2016,0.7019979695431472,0.5736040609137056,0.817258883248731
LACI,rotation_2yr,2017,0.789131641285956,0.6954314720812182,0.8730964467005076
LACI,rotation_2yr,2018,0.7438131979695431,0.6649746192893401,0.817258883248731
LACI,rotation_2yr,2019,0.7176453468697124,0.6598984771573604,0.7766497461928934
LACI,rotation_2yr,2020,0.6299566835871404,0.583756345177665,0.6802030456852792
LACI,rotation_2yr,2021,0.6892060913705583,0.6395939086294417,0.7360406091370558
LACI,rotation_2yr,2022,0.5978098138747885,0.5583756345177665,0.6345177664974619
LACI,rotation_2yr,2023,0.7285752961082911,0.6751269035532995,0.7817258883248731
LACI,rotation_2yr,2024,0.7257928934010153,0.6751269035532995,0.7766497461928934
LACI,rotation_3yr,2016,0.6996758974358974,0.5743589743589743,0.8153846153846154
LACI,rotation_3yr,2017,0.7890639316239316,0.6923076923076923,0.8717948717948718
LACI,rotation_3yr,2018,0.7846352136752137,0.6947435897435899,0.8666666666666667
LACI,rotation_3yr,2019,0.6567104273504274,0.6,0.7076923076923077
LACI,rotation_3yr,2020,0.6329080341880342,0.5794871794871795,0.6871794871794872
LACI,rotation_3yr,2021,0.684691282051282,0.6358974358974359,0.7384615384615385
LACI,rotation_3yr,2022,0.5947500854700855,0.5538461538461539,0.6358974358974359
LACI,rotation_3yr,2023,0.7254208547008547,0.6615384615384615,0.7897435897435897
LACI,rotation_3yr,2024,0.765214358974359,0.6871794871794872,0.841025641025641
LACI,rotation_4yr,2016,0.7012368055555556,0.5729166666666666,0.8177083333333334
LACI,rotation_4yr,2017,0.7955722222222222,0.703125,0.875
LACI,rotation_4yr,2018,0.8067833333333333,0.71875,0.890625
LACI,rotation_4yr,2019,0.7181486111111111,0.65625,0.7760416666666666
LACI,rotation_4yr,2020,0.6467986111111111,0.59375,0.6979166666666666
LACI,rotation_4yr,2021,0.7276138888888889,0.6822916666666666,0.7760416666666666
LACI,rotation_4yr,2022,0.6784277777777777,0.6302083333333334,0.7291666666666666
LACI,rotation_4yr,2023,0.7518791666666667,0.6979166666666666,0.8072916666666666
LACI,rotation_4yr,2024,0.7168763888888889,0.65625,0.7760416666666666
LANO,full,2016,0.8743840245775729,0.783410138248848,0.9493087557603687
LANO,full,2017,0.800110599078341,0.7188940092165899,0.8663594470046083
LANO,full,2018,0.8092761904761905,0.7511520737327189,0.8663594470046083
LANO,full,2019,0.8236792626728111,0.783410138248848,0.8617511520737328
LANO,full,2020,0.778326267281106,0.7373271889400922,0.8202764976958525
LANO,full,2021,0.8211336405529954,0.7741935483870968,0.8663594470046083
LANO,full,2022,0.8187010752688172,0.7880184331797235,0.847926267281106
LANO,full,2023,0.8505364055299539,0.8110599078341014,0.8894009216589862
LANO,full,2024,0.8998801843317973,0.8617511520737328,0.9354838709677419
LANO,rotation_2yr,2016,0.8972548223350254,0.817258883248731,0.9593908629441624
LANO,rotation_2yr,2017,0.8379783417935702,0.7614213197969543,0.9035532994923858
LANO,rotation_2yr,2018,0.8278247038917089,0.7715736040609137,0.8781725888324873
LANO,rotation_2yr,2019,0.8186152284263959,0.7766497461928934,0.8578680203045685
LANO,rotation_2yr,2020,0.7850003384094755,0.7411167512690355,0.8249999999999982
LANO,rotation_2yr,2021,0.8517096446700507,0.8071065989847716,0.8934010152284264
LANO,rotation_2yr,2022,0.8087884940778342,0.7766497461928934,0.8426395939086294
LANO,rotation_2yr,2023,0.854410152284264,0.8121827411167513,0.8934010152284264
LANO,rotation_2yr,2024,0.8962274111675127,0.8578680203045685,0.934010152284264
LANO,rotation_3yr,2016,0.8934427350427351,0.8051282051282052,0.958974358974359
LANO,rotation_3yr,2017,0.83456,0.7589743589743589,0.8974358974358975
LANO,rotation_3yr,2018,0.842780170940171,0.7846153846153846,0.9025641025641026
LANO,rotation_3yr,2019,0.8218871794871795,0.7794871794871795,0.8615384615384616
LANO,rotation_3yr,2020,0.7918290598290598,0.7435897435897436,0.8358974358974359
LANO,rotation_3yr,2021,0.8543630769230769,0.8051282051282052,0.8974358974358975
LANO,rotation_3yr,2022,0.8059603418803418,0.764102564102564,0.841025641025641
LANO,rotation_3yr,2023,0.8315924786324786,0.7794871794871795,0.8769230769230769
LANO,rotation_3yr,2024,0.9267008547008547,0.8717948717948718,0.9692307692307692
LANO,rotation_4yr,2016,0.8946173611111111,0.8072916666666666,0.9583333333333334
LANO,rotation_4yr,2017,0.8333763888888889,0.7552083333333334,0.9010416666666666
LANO,rotation_4yr,2018,0.8405381944444444,0.7760416666666666,0.9010416666666666
LANO,rotation_4yr,2019,0.8117541666666667,0.7604166666666666,0.859375
LANO,rotation_4yr,2020,0.7676590277777777,0.71875,0.8125
LANO,rotation_4yr,2021,0.8501722222222222,0.796875,0.8958333333333334
LANO,rotation_4yr,2022,0.7967951388888889,0.75,0.8385416666666666
LANO,rotation_4yr,2023,0.8432715277777778,0.7916666666666666,0.890625
LANO,rotation_4yr,2024,0.9088076388888889,0.8645833333333334,0.9479166666666666
LABO,full,2016,0.6744712749615975,0.5529953917050692,0.7926267281105991
LABO,full,2017,0.37223778801843316,0.31797235023041476,0.43317972350230416
LABO,full,2018,0.35889462365591396,0.3225806451612903,0.39631336405529954
LABO,full,2019,0.34565960061443934,0.31336405529953915,0.3778801843317972
LABO,full,2020,0.3290328725038402,0.2995391705069124,0.35944700460829493
LABO,full,2021,0.3562814132104455,0.3317972350230415,0.3824884792626728
LABO,full,2022,0.3656884792626728,0.34101382488479265,0.3870967741935484
LABO,full,2023,0.39801290322580646,0.37327188940092165,0.423963133640553
LABO,full,2024,0.3546168970814132,0.3271889400921659,0.3870967741935484
LABO,rotation_2yr,2016,0.7030666666666666,0.5786802030456852,0.817258883248731
LABO,rotation_2yr,2017,0.3916169204737733,0.3350253807106599,0.45685279187817257
LABO,rotation_2yr,2018,0.3740927241962775,0.3350253807106599,0.4213197969543147
LABO,rotation_2yr,2019,0.34939357021996614,0.3197969543147208,0.38071065989847713
LABO,rotation_2yr,2020,0.34396818950930624,0.3197969543147208,0.37055837563451777
LABO,rotation_2yr,2021,0.3579005076142132,0.3299492385786802,0.38071065989847713
LABO,rotation_2yr,2022,0.37237495769881557,0.350253807106599,0.39086294416243655
LABO,rotation_2yr,2023,0.4001197969543147,0.3756345177664975,0.4263959390862944
LABO,rotation_2yr,2024,0.37467140439932317,0.34517766497461927,0.41116751269035534
LABO,rotation_3yr,2016,0.702351452991453,0.5743589743589743,0.8153846153846154
LABO,rotation_3yr,2017,0.3868259829059829,0.3282051282051282,0.4512820512820513
LABO,rotation_3yr,2018,0.369265641025641,0.3230769230769231,0.41025641025641024
LABO,rotation_3yr,2019,0.35638153846153847,0.3230769230769231,0.38974358974358975
LABO,rotation_3yr,2020,0.3414386324786325,0.3076923076923077,0.37435897435897436
LABO,rotation_3yr,2021,0.3542940170940171,0.3282051282051282,0.37948717948717947
LABO,rotation_3yr,2022,0.3684471794871795,0.3435897435897436,0.39487179487179486
LABO,rotation_3yr,2023,0.3985162393162393,0.358974358974359,0.4358974358974359
LABO,rotation_3yr,2024,0.3480642735042735,0.29743589743589743,0.4
LABO,rotation_4yr,2016,0.6981861111111111,0.578125,0.8125
LABO,rotation_4yr,2017,0.38773958333333336,0.328125,0.4583333333333333
LABO,rotation_4yr,2018,0.3669854166666667,0.3125,0.421875
LABO,rotation_4yr,2019,0.34221944444444446,0.296875,0.3802083333333333
LABO,rotation_4yr,2020,0.3458409722222222,0.3125,0.375
LABO,rotation_4yr,2021,0.36227569444444446,0.3333333333333333,0.390625
LABO,rotation_4yr,2022,0.3747034722222222,0.34375,0.40625
LABO,rotation_4yr,2023,0.41158333333333336,0.3697916666666667,0.4479166666666667
LABO,rotation_4yr,2024,0.39032083333333334,0.3489583333333333,0.4427083333333333
MYLU,full,2016,0.9150918586789555,0.8248847926267281,0.9769585253456221
MYLU,full,2017,0.9574396313364055,0.9032258064516129,0.9907834101382489
MYLU,full,2018,0.9617345622119816,0.9262672811059908,0.9861751152073732
MYLU,full,2019,0.9445007680491552,0.9170506912442397,0.9631336405529954
MYLU,full,2020,0.8963127496159754,0.8617511520737328,0.9262672811059908
MYLU,full,2021,0.9345548387096774,0.9032258064516129,0.9585253456221198
MYLU,full,2022,0.9240761904761905,0.8986175115207373,0.9447004608294931
MYLU,full,2023,0.9731539170506912,0.9539170506912442,0.9861751152073732
MYLU,full,2024,0.9357284178187404,0.9032258064516129,0.9585253456221198
MYLU,rotation_2yr,2016,0.9332446700507614,0.8477157360406091,0.9898477157360406
MYLU,rotation_2yr,2017,0.9692818950930626,0.9187817258883249,1
MYLU,rotation_2yr,2018,0.9636040609137055,0.9238578680203046,0.9898477157360406
MYLU,rotation_2yr,2019,0.9512642978003384,0.9238578680203046,0.9746192893401016
MYLU,rotation_2yr,2020,0.8873313028764805,0.8477157360406091,0.9187817258883249
MYLU,rotation_2yr,2021,0.9355553299492386,0.9035532994923858,0.9644670050761421
MYLU,rotation_2yr,2022,0.9245441624365482,0.8934010152284264,0.949238578680203
MYLU,rotation_2yr,2023,0.960878510998308,0.934010152284264,0.9796954314720813
MYLU,rotation_2yr,2024,0.9397692047377326,0.9086294416243654,0.9644670050761421
MYLU,rotation_3yr,2016,0.9355008547008548,0.8512820512820513,0.9897435897435898
MYLU,rotation_3yr,2017,0.9732519658119658,0.9282051282051282,1
MYLU,rotation_3yr,2018,0.9740369230769231,0.9384615384615385,0.9948717948717949
MYLU,rotation_3yr,2019,0.954659829059829,0.9282051282051282,0.9743589743589743
MYLU,rotation_3yr,2020,0.8835008547008547,0.841025641025641,0.9179487179487179
MYLU,rotation_3yr,2021,0.9286078632478633,0.8871794871794871,0.958974358974359
MYLU,rotation_3yr,2022,0.9283863247863248,0.8974358974358975,0.9538461538461539
MYLU,rotation_3yr,2023,0.968300170940171,0.9384615384615385,0.9846153846153847
MYLU,rotation_3yr,2024,0.9409210256410256,0.8923076923076924,0.9743589743589743
MYLU,rotation_4yr,2016,0.9340034722222222,0.8489583333333334,0.9895833333333334
MYLU,rotation_4yr,2017,0.97005625,0.9166666666666666,1
MYLU,rotation_4yr,2018,0.9612395833333334,0.9166666666666666,0.9895833333333334
MYLU,rotation_4yr,2019,0.9493277777777778,0.9166666666666666,0.9739583333333334
MYLU,rotation_4yr,2020,0.8854416666666667,0.84375,0.921875
MYLU,rotation_4yr,2021,0.9333090277777778,0.890625,0.9635416666666666
MYLU,rotation_4yr,2022,0.9143902777777778,0.875,0.9479166666666666
MYLU,rotation_4yr,2023,0.9680444444444445,0.9375,0.9895833333333334
MYLU,rotation_4yr,2024,0.9431368055555556,0.90625,0.96875
MYSE,full,2016,0.25359877112135176,0.16129032258064516,0.37327188940092165
MYSE,full,2017,0.14329278033794163,0.08294930875576037,0.21658986175115208
MYSE,full,2018,0.18422488479262672,0.1382488479262673,0.2350230414746544
MYSE,full,2019,0.17192933947772657,0.1382488479262673,0.2119815668202765
MYSE,full,2020,0.13792073732718893,0.10138248847926268,0.17511520737327188
MYSE,full,2021,0.14133026113671274,0.11059907834101383,0.17511520737327188
MYSE,full,2022,0.1712215053763441,0.14285714285714285,0.20276497695852536
MYSE,full,2023,0.17238648233486942,0.12903225806451613,0.22119815668202766
MYSE,full,2024,0.2070930875576037,0.16589861751152074,0.25806451612903225
MYSE,rotation_2yr,2016,0.27583350253807104,0.16751269035532995,0.4036802030456834
MYSE,rotation_2yr,2017,0.1548467005076142,0.09137055837563451,0.23857868020304568
MYSE,rotation_2yr,2018,0.19745245346869714,0.14213197969543148,0.2639593908629442
MYSE,rotation_2yr,2019,0.11745786802030457,0.08121827411167512,0.15736040609137056
MYSE,rotation_2yr,2020,0.11490355329949238,0.08121827411167512,0.15228426395939088
MYSE,rotation_2yr,2021,0.11909576988155668,0.08629441624365482,0.15736040609137056
MYSE,rotation_2yr,2022,0.1699695431472081,0.14720812182741116,0.20304568527918782
MYSE,rotation_2yr,2023,0.1673989847715736,0.1218274111675127,0.2182741116751269
MYSE,rotation_2yr,2024,0.22794111675126905,0.17766497461928935,0.2893401015228426
MYSE,rotation_3yr,2016,0.2718926495726496,0.16923076923076924,0.39487179487179486
MYSE,rotation_3yr,2017,0.14547760683760683,0.08205128205128205,0.22564102564102564
MYSE,rotation_3yr,2018,0.18181059829059829,0.12307692307692308,0.24615384615384617
MYSE,rotation_3yr,2019,0.16749470085470086,0.13333333333333333,0.2153846153846154
MYSE,rotation_3yr,2020,0.1315548717948718,0.09230769230769231,0.17435897435897435
MYSE,rotation_3yr,2021,0.13199726495726496,0.09230769230769231,0.17435897435897435
MYSE,rotation_3yr,2022,0.17309333333333332,0.14358974358974358,0.20512820512820512
MYSE,rotation_3yr,2023,0.17257777777777777,0.1282051282051282,0.2205128205128205
MYSE,rotation_3yr,2024,0.20374427350427352,0.14871794871794872,0.26666666666666666
MYSE,rotation_4yr,2016,0.2576319444444444,0.15625,0.3802083333333333
MYSE,rotation_4yr,2017,0.12481736111111111,0.07291666666666667,0.19791666666666666
MYSE,rotation_4yr,2018,0.15237777777777778,0.10416666666666667,0.21354166666666666
MYSE,rotation_4yr,2019,0.10833819444444444,0.07291666666666667,0.14583333333333334
MYSE,rotation_4yr,2020,0.11042083333333333,0.08333333333333333,0.140625
MYSE,rotation_4yr,2021,0.11495069444444445,0.08333333333333333,0.15104166666666666
MYSE,rotation_4yr,2022,0.14679305555555555,0.11458333333333333,0.18229166666666666
MYSE,rotation_4yr,2023,0.16407986111111111,0.11979166666666667,0.21875
MYSE,rotation_4yr,2024,0.23344791666666667,0.18229166666666666,0.296875
