species,scenario,year,phi_mean,phi_sd,gamma_mean,gamma_sd
LACI,full,2016,0.7403309390395117,0.0556078411899683,0.5479808513373873,0.1144184089263477
LACI,full,2017,0.9100696765203007,0.037639874412757866,0.4184908267474271,0.09121440097731445
LACI,full,2018,0.8364111262080965,0.035050603125414345,0.37538897921553616,0.0779853985779448
LACI,full,2019,0.8335235447573381,0.035126196667498256,0.3807271577470676,0.07879280381841182
LACI,full,2020,0.8960891756973005,0.030746327022407764,0.37219066214368957,0.07445782362574171
LACI,full,2021,0.8153183270172696,0.03580186946778606,0.1654175521092404,0.05830318080019892
LACI,full,2022,0.9563902893880534,0.02324912528099588,0.3920636475986218,0.06354625116084843
LACI,full,2023,0.9144826922026056,0.029817505633672248,0.23253337508403957,0.07145218321759585
LACI,rotation_2yr,2016,0.7435516005567662,0.0559984099069314,0.5695437372521135,0.1174752518654117
LACI,rotation_2yr,2017,0.8908573542673764,0.046621940132526477,0.3572766647918364,0.09349485727119217
LACI,rotation_2yr,2018,0.8704956661933217,0.037588133695152966,0.37292718526487434,0.09398774278748992
LACI,rotation_2yr,2019,0.8648338421900833,0.039287004711912675,0.31758065317041095,0.08273567754085667
LACI,rotation_2yr,2020,0.9130298170354678,0.03280980333819577,0.30850114969321135,0.08060397581115894
LACI,rotation_2yr,2021,0.8448090487009653,0.039026461769516116,0.06875485671730186,0.04625884637667872
LACI,rotation_2yr,2022,0.9842078246855703,0.014270427374655729,0.3567534621641883,0.07213332405043692
LACI,rotation_2yr,2023,0.9274704204400003,0.031165180713979508,0.12609054372984962,0.08182129193409783
LACI,rotation_3yr,2016,0.7774625635139888,0.053153439872167564,0.6499045435751198,0.11554235747185729
LACI,rotation_3yr,2017,0.9256003122068975,0.035636784431874,0.5052223523626621,0.11250793780639126
LACI,rotation_3yr,2018,0.8228708046090878,0.04280818089018233,0.39267530014483065,0.11443550688446572
LACI,rotation_3yr,2019,0.881719692389997,0.03986465782797787,0.38308890911672056,0.09879736993391476
LACI,rotation_3yr,2020,0.8942567571895069,0.03856223847418261,0.27544827220530665,0.08967830055190597
LACI,rotation_3yr,2021,0.8534573573750176,0.04167369006760347,0.06904474309876502,0.04745411634163197
LACI,rotation_3yr,2022,0.9842688407535691,0.014567130475933363,0.4669993847656063,0.09626620863715468
LACI,rotation_3yr,2023,0.9277577005441202,0.03230550904608665,0.16697194540214166,0.10909873591853647
LACI,rotation_4yr,2016,0.7696316224959951,0.0542791055984368,0.6572443955383138,0.11259389876759049
LACI,rotation_4yr,2017,0.9202636035294498,0.038221272722501955,0.48884538519193765,0.11229562710675915
LACI,rotation_4yr,2018,0.827888530462849,0.04203728795712887,0.4078897706550759,0.11555522067780842
LACI,rotation_4yr,2019,0.863705451760585,0.04111749923552704,0.37238827680638165,0.09555099290976918
LACI,rotation_4yr,2020,0.9355051298258276,0.027646250565128566,0.3947314338337108,0.10235906667038432
LACI,rotation_4yr,2021,0.8752973667547468,0.03898406175675547,0.08972076775863144,0.061062244920229755
LACI,rotation_4yr,2022,0.9737666853016582,0.023599749594027077,0.28403074429165737,0.0828573412963817
LACI,rotation_4yr,2023,0.8973503059533406,0.040085873249246895,0.12228163222755975,0.08648739862025599
LACI,rotation_5yr,2016,0.7297385823580853,0.05567009549368941,0.5451737303254197,0.11529476924310954
LACI,rotation_5yr,2017,0.8995970774309232,0.043304778753865514,0.3973497276687017,0.09390620399032028
LACI,rotation_5yr,2018,0.8218728560247212,0.043140939506399655,0.30339772357123923,0.08511972716212747
LACI,rotation_5yr,2019,0.8860005414565985,0.036446918754952096,0.37971617008784736,0.08893249301797229
LACI,rotation_5yr,2020,0.9305224123044855,0.028333215879916045,0.35161164317197846,0.0890898771611753
LACI,rotation_5yr,2021,0.8520966331154071,0.03753977121128678,0.09576174733017782,0.05554243895843869
LACI,rotation_5yr,2022,0.9548287316949067,0.02752419435994593,0.31976247139422137,0.07703758392728359
LACI,rotation_5yr,2023,0.8934250392654829,0.03950612822216143,0.1951832069252148,0.07531927987144588
LANO,full,2016,0.8042710005411695,0.04737878483695684,0.1418033735973952,0.12514029191517334
LANO,full,2017,0.9510633540306385,0.02362569244967268,0.7012105968336207,0.09290740912173481
LANO,full,2018,0.9117293492366773,0.024039448493722346,0.3431242194357398,0.12062035012956446
LANO,full,2019,0.9246852465716587,0.023243462070353393,0.5905050929145572,0.1006720352789791
LANO,full,2020,0.9288910861938593,0.024403634923061763,0.4284447070995207,0.11995418178220235
LANO,full,2021,0.9305183529965332,0.020659161527987635,0.6174106637482626,0.10287396425353441
LANO,full,2022,0.9219654426744485,0.022947185982559456,0.4562134447417121,0.12474926094212692
LANO,full,2023,0.9670676662403167,0.019755834806355795,0.6317779179373076,0.1077824764089661
LANO,rotation_2yr,2016,0.826298010613657,0.04522070874058699,0.15590385226713838,0.133423585118595
LANO,rotation_2yr,2017,0.9363255128536321,0.027479461077543947,0.6781958977717141,0.11077749100083081
LANO,rotation_2yr,2018,0.9143472319298005,0.02710571728941342,0.2944486912369226,0.13793135682608745
LANO,rotation_2yr,2019,0.9258115215597295,0.0255886691210127,0.5545238586421898,0.10764819222290839
LANO,rotation_2yr,2020,0.9481886502387266,0.024530330517728727,0.39749346251307005,0.12333016830291858
LANO,rotation_2yr,2021,0.9568647290382336,0.020235074894400646,0.4246949475220834,0.13705500560273745
LANO,rotation_2yr,2022,0.9346977493721066,0.023511214912058792,0.5049149571390803,0.15807648696999635
LANO,rotation_2yr,2023,0.9579971599020449,0.026487101643659187,0.6199183429426314,0.169236880739968
LANO,rotation_3yr,2016,0.8376319547773875,0.045141473344199594,0.16539614873649186,0.1404022331663042
LANO,rotation_3yr,2017,0.9440758873969192,0.025868787060081257,0.7582457982593755,0.11028464365397243
LANO,rotation_3yr,2018,0.9161549518778772,0.0268807694443945,0.33620643630745356,0.15966775974147362
LANO,rotation_3yr,2019,0.9303156037355441,0.0253157488825007,0.5826288820439909,0.1187864615385907
LANO,rotation_3yr,2020,0.9306543505700642,0.029082139733709458,0.41438317122973156,0.13773233097394974
LANO,rotation_3yr,2021,0.9517556690283656,0.022540778603406246,0.5181836469415659,0.1511890069546392
LANO,rotation_3yr,2022,0.9077567859503906,0.029975514289927074,0.4836294162552181,0.17766895171701358
LANO,rotation_3yr,2023,0.9584132337592325,0.028534598480926234,0.5947164562940337,0.1634613671513456
LANO,rotation_4yr,2016,0.836497657471765,0.0445171229140545,0.16912977939606513,0.1382500983115593
LANO,rotation_4yr,2017,0.9423062361734702,0.027435381273421343,0.7584640770014724,0.11299981783734181
LANO,rotation_4yr,2018,0.8910204373013131,0.0316250898360909,0.3032396326171149,0.15376598211641088
LANO,rotation_4yr,2019,0.9191862814358316,0.02748230273785638,0.5848407811984233,0.11992335022358919
LANO,rotation_4yr,2020,0.9497550741609252,0.025193579827805082,0.4994831879300198,0.14813822342057295
LANO,rotation_4yr,2021,0.9487436701084334,0.023396322626474036,0.55311913854404,0.17072801276401328
LANO,rotation_4yr,2022,0.9206283857136324,0.0279740019086745,0.5159142518261247,0.1830639363068961
LANO,rotation_4yr,2023,0.9532128771558707,0.028627903474623746,0.6413526736056793,0.17317764814744185
LANO,rotation_5yr,2016,0.7985255589543753,0.04766331259885961,0.1409544606169395,0.12353227788163364
LANO,rotation_5yr,2017,0.9449494585758791,0.02664276943723117,0.6763378942531002,0.10101568428701943
LANO,rotation_5yr,2018,0.8922223938602833,0.030022476319268052,0.3155074581911991,0.1313447956390559
LANO,rotation_5yr,2019,0.9201590418811278,0.027555701863300943,0.6035776356555724,0.11183446158274091
LANO,rotation_5yr,2020,0.9297585363183715,0.027973675043055368,0.4734309667822169,0.1336436026188788
LANO,rotation_5yr,2021,0.91809373358021,0.026169106440058792,0.586983517802396,0.12304347768115156
LANO,rotation_5yr,2022,0.8792084563104404,0.03240562919563507,0.5346228797674885,0.13610038543876257
LANO,rotation_5yr,2023,0.9703085712107774,0.02233279172658547,0.6224832186845848,0.11410446466065402
LABO,full,2016,0.4131988667458476,0.05168869860512069,0.12984514846903275,0.08098089472174574
LABO,full,2017,0.9429566649211357,0.038215395909401574,0.0315307301710076,0.027463349213735583
LABO,full,2018,0.944203347805482,0.032831422036047185,0.0646195276271848,0.025651251852962416
LABO,full,2019,0.8763744280079486,0.04357969876469219,0.030672883189014982,0.01860722719659549
LABO,full,2020,0.978828577278881,0.01971243681913421,0.05785085967661595,0.02336234452632354
LABO,full,2021,0.9765450006287294,0.0218551346159367,0.026282098803311366,0.015208769742601057
LABO,full,2022,0.9763192693039261,0.021133357310056465,0.0450284643594407,0.021880674193103185
LABO,full,2023,0.9325471703472441,0.03510927919676423,0.053377947933357886,0.027751296237046714
LABO,rotation_2yr,2016,0.41653851148462645,0.05318668543685614,0.1288161096601199,0.07957758301999932
LABO,rotation_2yr,2017,0.939169190578841,0.040132115247663025,0.028741559101865925,0.02508871873479662
LABO,rotation_2yr,2018,0.9294613688459988,0.0393259066913318,0.08216094157627907,0.0288643878197859
LABO,rotation_2yr,2019,0.9040789175406683,0.04179460533027456,0.018106142350406033,0.01638044586575756
LABO,rotation_2yr,2020,0.9556997694075652,0.034026055033442214,0.050134717334324744,0.022988286606125223
LABO,rotation_2yr,2021,0.9681167015569702,0.027527895802508577,0.034501732557468925,0.018995091875469262
LABO,rotation_2yr,2022,0.9651108989340886,0.029282615472625628,0.051323283352250504,0.02405152255037644
LABO,rotation_2yr,2023,0.9459343438467387,0.034462489256275076,0.07428388412266432,0.04045402096956789
LABO,rotation_3yr,2016,0.42122962887403476,0.055415222604040755,0.13037278385902068,0.07954264633570052
LABO,rotation_3yr,2017,0.9302366382709838,0.045513511416573955,0.02934544220217751,0.026121548805375726
LABO,rotation_3yr,2018,0.9336154049094622,0.03843725792997927,0.09161217924610467,0.03403304608690707
LABO,rotation_3yr,2019,0.8361268676502371,0.05754814694007258,0.017861025174800173,0.01626409031864013
LABO,rotation_3yr,2020,0.9610168557746211,0.03348249819693363,0.05567364588297883,0.024758533400096646
LABO,rotation_3yr,2021,0.9711337241068989,0.026241039431618655,0.041795938305641704,0.022631190407513893
LABO,rotation_3yr,2022,0.9551247632256321,0.03816425981313096,0.0637935808266144,0.02884396844519165
LABO,rotation_3yr,2023,0.91357100830302,0.049665773192129094,0.057726462727289304,0.034388858839733596
LABO,rotation_4yr,2016,0.426220054762147,0.0554314197830335,0.1349313776013267,0.08242356793374996
LABO,rotation_4yr,2017,0.9314021480285762,0.045083041019103806,0.02984881743520413,0.02686564715803162
LABO,rotation_4yr,2018,0.9181705163970142,0.045632144902722736,0.08023439113541556,0.031556639535140214
LABO,rotation_4yr,2019,0.893957357655051,0.04483003692844609,0.019298423069201806,0.017961482104922384
LABO,rotation_4yr,2020,0.9613729604189367,0.032490372959721174,0.05134015432308706,0.024100421561497942
LABO,rotation_4yr,2021,0.9613483491459701,0.033378173191521796,0.032988271029057895,0.018846068252612144
LABO,rotation_4yr,2022,0.9402510767470834,0.04485781192365311,0.06528490560789299,0.030374802678844928
LABO,rotation_4yr,2023,0.9321388660055113,0.04172334921980392,0.11950809456749772,0.05417835270753182
LABO,rotation_5yr,2016,0.4129868614919144,0.05414132259004331,0.13153610034222615,0.08103007603117919
LABO,rotation_5yr,2017,0.9463922939371155,0.035599501205501594,0.02926512810670693,0.025916623029568948
LABO,rotation_5yr,2018,0.93282006390358,0.038739961466659534,0.07844894085229266,0.030493289585174246
LABO,rotation_5yr,2019,0.8581492812320579,0.0549714190757192,0.013716190193711945,0.01302875580370696
LABO,rotation_5yr,2020,0.9586251080152746,0.03550185100769212,0.0488009908127469,0.023324589142232045
LABO,rotation_5yr,2021,0.9688723643230964,0.02783581151268398,0.03807314554201514,0.0213561978993003
LABO,rotation_5yr,2022,0.9609843819442961,0.03234263896222667,0.08411789979649582,0.03589256004720392
LABO,rotation_5yr,2023,0.9343516292964125,0.040177021880368376,0.06443547219791813,0.03778975183538633
MYLU,full,2016,0.9476466449508495,0.02604701481326088,0.7509554578218105,0.13790177944386336
MYLU,full,2017,0.9766704103675498,0.014575132179459696,0.7464271334218799,0.15318846479771062
MYLU,full,2018,0.9519265179062546,0.016343904487993857,0.8085533862101546,0.15702748548022713
MYLU,full,2019,0.9370102039267745,0.01911850403348243,0.7081736921098523,0.15395612683167134
MYLU,full,2020,0.9583065810501731,0.016493842452707897,0.7585551471076024,0.11755041775483531
MYLU,full,2021,0.9606272392429853,0.014485862541143976,0.6135381725239891,0.1538554985598021
MYLU,full,2022,0.9738001737665888,0.013598549687376435,0.8352929672585759,0.11400938689049059
MYLU,full,2023,0.9453441347821365,0.018644066349370506,0.45899191989063015,0.2160820926615956
MYLU,rotation_2yr,2016,0.9589477553953936,0.023265715514696486,0.7902662855550608,0.12680318617718836
MYLU,rotation_2yr,2017,0.9762711656851115,0.01684222589847066,0.744574515061735,0.1825349114751866
MYLU,rotation_2yr,2018,0.9594026395320867,0.016650731578112376,0.591561588052342,0.2754081328865594
MYLU,rotation_2yr,2019,0.9269329750421251,0.021474355525320222,0.7899153590317929,0.15877197291382655
MYLU,rotation_2yr,2020,0.9665269988789121,0.01692043518202762,0.7502722050953575,0.12533382076717176
MYLU,rotation_2yr,2021,0.951079093608432,0.018171005958357113,0.6917782229575318,0.1879329785114441
MYLU,rotation_2yr,2022,0.9706170023565266,0.016681984207130206,0.7465606131963725,0.15659878743746916
MYLU,rotation_2yr,2023,0.9590291414198218,0.0189057003420718,0.529012356012217,0.2129395586793082
MYLU,rotation_3yr,2016,0.9315206583497952,0.031982534975507244,0.7286651931301887,0.14571825537471733
MYLU,rotation_3yr,2017,0.9895505031452512,0.010528929362260644,0.8749361774938543,0.11684118777288953
MYLU,rotation_3yr,2018,0.9722511957876144,0.013669184321034224,0.5803148326131289,0.2835859903164636
MYLU,rotation_3yr,2019,0.9183685331053021,0.022929726770559062,0.8119991176948741,0.15849018536347767
MYLU,rotation_3yr,2020,0.9627054721062707,0.018514979877972192,0.7430002695070939,0.1277774176359329
MYLU,rotation_3yr,2021,0.9524213532664154,0.018547109035259714,0.679325486607882,0.1947681529335666
MYLU,rotation_3yr,2022,0.9697235098708445,0.018236688950627043,0.7700618361355864,0.15422238299017177
MYLU,rotation_3yr,2023,0.9575797400335917,0.02040847022867647,0.560001301734398,0.21763746051861413
MYLU,rotation_4yr,2016,0.9292328569240995,0.033159844978636624,0.7249444693348844,0.14725444293986242
MYLU,rotation_4yr,2017,0.9836391638639785,0.014048589214690514,0.793068168001808,0.16015114254504131
MYLU,rotation_4yr,2018,0.9577141771099759,0.017629797539530694,0.5176178196266004,0.2823033581473238
MYLU,rotation_4yr,2019,0.9253032968593645,0.02252134668911041,0.8306979907391195,0.14486086984205115
MYLU,rotation_4yr,2020,0.9651116582137896,0.019040389060970116,0.7474204172667315,0.1285679815966909
MYLU,rotation_4yr,2021,0.9558094428275945,0.018523305805791902,0.6751271546493479,0.19781611943165814
MYLU,rotation_4yr,2022,0.974911297202786,0.015970746636155626,0.7762450530776903,0.15100894092878353
MYLU,rotation_4yr,2023,0.9701647988733173,0.016047771871736387,0.5947187955489499,0.2166162769681695
MYLU,rotation_5yr,2016,0.9461268947844333,0.02633752299470099,0.7545885370810919,0.1378455748479584
MYLU,rotation_5yr,2017,0.9762163822650424,0.016188021426087103,0.7419663212242101,0.15921256792415303
MYLU,rotation_5yr,2018,0.9429185658626498,0.01935149938852175,0.7721207948326708,0.18154349678041523
MYLU,rotation_5yr,2019,0.9173872882283347,0.025474061290557355,0.6899602730729212,0.1574142223124099
MYLU,rotation_5yr,2020,0.9696421898042897,0.01633307545883429,0.7395436905962909,0.11853884565133438
MYLU,rotation_5yr,2021,0.9582411580130225,0.01773788717987251,0.5547881138169679,0.1908753521752368
MYLU,rotation_5yr,2022,0.9803782575487109,0.014222826358776378,0.811903143292743,0.12845419464169572
MYLU,rotation_5yr,2023,0.9466819293329551,0.01926793618653807,0.5871845551210324,0.22323099848344202
MYSE,full,2016,0.39849732179579783,0.11251746236911812,0.04932994398380831,0.03084482276769039
MYSE,full,2017,0.8520316204163771,0.10829054417853767,0.04077541164022294,0.027037843212565738
MYSE,full,2018,0.6247831666517221,0.11228414542115638,0.07272019286730402,0.023915571536023895
MYSE,full,2019,0.6885386048815629,0.1067109194565251,0.016195048259151523,0.012850262055076427
MYSE,full,2020,0.8922051709036852,0.08068642780044169,0.04035921246956065,0.01813053638014526
MYSE,full,2021,0.7670381215050949,0.10109003313300081,0.02530044650196923,0.015737133615432455
MYSE,full,2022,0.8631485868757242,0.09029628390702009,0.02916003659266258,0.017627262163459816
MYSE,full,2023,0.7441257168225717,0.11304865955948228,0.03394442097310153,0.02095075468994058
MYSE,rotation_2yr,2016,0.4077737803737482,0.11096559232974655,0.05539299218642118,0.03196048537750013
MYSE,rotation_2yr,2017,0.8478424088747214,0.10636764154801072,0.03822781948105782,0.027394337593816997
MYSE,rotation_2yr,2018,0.5972749872339934,0.13021613088812453,0.045241816279079264,0.019839573146704086
MYSE,rotation_2yr,2019,0.7296944461069417,0.10873728857864301,0.013650040649808645,0.012109835033447596
MYSE,rotation_2yr,2020,0.917530044976567,0.07436672247918433,0.04755501468917675,0.020252151821495715
MYSE,rotation_2yr,2021,0.7524698065378826,0.10727186139070015,0.028556977026641783,0.01875546992898523
MYSE,rotation_2yr,2022,0.7503141974010873,0.149687111096897,0.025709475703585203,0.01679549703182415
MYSE,rotation_2yr,2023,0.7700448099997748,0.13242313625129631,0.0554444623896211,0.02869140848468019
MYSE,rotation_3yr,2016,0.3976882296579101,0.11342863718135737,0.052795025436205574,0.031202667412525614
MYSE,rotation_3yr,2017,0.7944449509717696,0.12442357273239571,0.030230321205214964,0.023288266422128764
MYSE,rotation_3yr,2018,0.7880196192115292,0.11823772571326659,0.06525293521769239,0.02822623695958272
MYSE,rotation_3yr,2019,0.7096064284853459,0.11840046851178501,0.00957040053880361,0.00914964535940987
MYSE,rotation_3yr,2020,0.9140708851108414,0.07614561637341155,0.041094109667641654,0.020208640800463962
MYSE,rotation_3yr,2021,0.7470284568065348,0.10974788629613186,0.02206698806942333,0.016617592681715865
MYSE,rotation_3yr,2022,0.8630382729375603,0.11347877170755306,0.035672823429955904,0.020478822261818054
MYSE,rotation_3yr,2023,0.8511509905633657,0.11197694500122866,0.03659924500993735,0.024188081765138897
MYSE,rotation_4yr,2016,0.36671211930023884,0.11288575371993285,0.047731405464376306,0.02911969047850137
MYSE,rotation_4yr,2017,0.7663118145554224,0.13969337984728347,0.025123305946142295,0.019327316526894532
MYSE,rotation_4yr,2018,0.6784398124706028,0.14385814307569184,0.044077433115013005,0.01989590748138563
MYSE,rotation_4yr,2019,0.751155474119801,0.10975985269160946,0.01471758008847309,0.013643129395766628
MYSE,rotation_4yr,2020,0.8978881878437505,0.08909746733163358,0.04086384951580332,0.019904649875656613
MYSE,rotation_4yr,2021,0.5888223899010057,0.13912211024119273,0.015111363574395615,0.011874300201163547
MYSE,rotation_4yr,2022,0.878275949531343,0.10487778349144009,0.0320691348044157,0.018798601294986138
MYSE,rotation_4yr,2023,0.8700338465410932,0.09994394074191412,0.05836610105627996,0.03134576783443442
MYSE,rotation_5yr,2016,0.3889962215789998,0.11383200599769817,0.04922976779479307,0.030216398222152014
MYSE,rotation_5yr,2017,0.8368871678156835,0.11276604001456417,0.039510658602046146,0.02695329190771704
MYSE,rotation_5yr,2018,0.7462194171333892,0.12395573453456653,0.06674629370151829,0.026958883015636734
MYSE,rotation_5yr,2019,0.6090237768698178,0.12401196876947378,0.011951099892017461,0.010846436369697872
MYSE,rotation_5yr,2020,0.8990878056274514,0.08781463347994252,0.03418402940687862,0.018361875099853774
MYSE,rotation_5yr,2021,0.680240162530748,0.13016954745456172,0.017769182337967645,0.013720980634795163
MYSE,rotation_5yr,2022,0.8482697319849815,0.10554760489278106,0.04604039836496547,0.023428749002439003
MYSE,rotation_5yr,2023,0.8859679752901873,0.09014336569828409,0.03755827861330926,0.02461932633398106
