species,scenario,year,psi_mean,psi_sd,psi_lcl,psi_ucl
LACI,full,2016,0.7450948666295201,0.042649239734084445,0.6571428571428571,0.825
LACI,full,2017,0.693031446001743,0.03444965029872597,0.6214285714285714,0.7571428571428571
LACI,full,2018,0.7620687068706871,0.023736711530793566,0.7142857142857143,0.8071428571428572
LACI,full,2019,0.7288689583244039,0.018509557804937227,0.6928571428571428,0.7642857142857142
LACI,full,2020,0.7118440415470119,0.022461462216228044,0.6678571428571428,0.7571428571428571
LACI,full,2021,0.7467907505036218,0.019860836640035802,0.7071428571428572,0.7857142857142857
LACI,full,2022,0.650996171045676,0.016387260853908122,0.6178571428571429,0.6821428571428572
LACI,full,2023,0.762008700870087,0.018166543828688268,0.725,0.7964285714285714
LACI,full,2024,0.752928149957853,0.018485522061624973,0.7142857142857143,0.7892857142857143
LACI,rotation_2yr,2016,0.7396566994828979,0.044006611789334106,0.6474820143884892,0.8201438848920863
LACI,rotation_2yr,2017,0.6997688977530847,0.036274661820935465,0.6258992805755396,0.7697841726618705
LACI,rotation_2yr,2018,0.7325358435124087,0.028720293095257636,0.6726618705035972,0.7877697841726619
LACI,rotation_2yr,2019,0.7395771951295849,0.023374188962335802,0.6942446043165468,0.7841726618705036
LACI,rotation_2yr,2020,0.7233766542121838,0.02500308459304445,0.6762589928057554,0.7733812949640287
LACI,rotation_2yr,2021,0.7479334264361688,0.02184461176215137,0.7050359712230215,0.7913669064748201
LACI,rotation_2yr,2022,0.6483662754764685,0.017602232470476473,0.6115107913669064,0.6834532374100719
LACI,rotation_2yr,2023,0.7663007307925037,0.019445713828817126,0.7266187050359713,0.802158273381295
LACI,rotation_2yr,2024,0.7414140694645004,0.020637731889615523,0.697841726618705,0.7805755395683454
LACI,rotation_3yr,2016,0.7465115914576532,0.04195904260532765,0.6604477611940298,0.8246268656716418
LACI,rotation_3yr,2017,0.7480770465106212,0.03690570230078757,0.6716417910447762,0.8171641791044776
LACI,rotation_3yr,2018,0.8235084702500101,0.03002199438109679,0.7611940298507462,0.8805970149253731
LACI,rotation_3yr,2019,0.7483860326331141,0.025444950349095934,0.6977611940298507,0.7985074626865671
LACI,rotation_3yr,2020,0.7580690904911387,0.028669466731835132,0.7052238805970149,0.8171641791044776
LACI,rotation_3yr,2021,0.7455279110000552,0.023096549774909242,0.7014925373134329,0.7910447761194029
LACI,rotation_3yr,2022,0.6528630474987798,0.02030226298437547,0.6119402985074627,0.6902985074626866
LACI,rotation_3yr,2023,0.8082931427471105,0.02814811621815113,0.753731343283582,0.8619402985074627
LACI,rotation_3yr,2024,0.7836246311198284,0.026503508443854393,0.7313432835820896,0.832089552238806
LACI,rotation_4yr,2016,0.7462761146003076,0.04192058879555988,0.6617100371747212,0.8252788104089219
LACI,rotation_4yr,2017,0.7439929866592607,0.037756076154897,0.6691449814126395,0.8141263940520446
LACI,rotation_4yr,2018,0.8132051123327946,0.032719643478806494,0.7472118959107806,0.8736059479553904
LACI,rotation_4yr,2019,0.751046108328305,0.024467541256322195,0.7026022304832714,0.7955390334572491
LACI,rotation_4yr,2020,0.742606974452092,0.026694563791378,0.6914498141263941,0.7955390334572491
LACI,rotation_4yr,2021,0.7990505370239627,0.026165468814420847,0.7509293680297398,0.8513011152416357
LACI,rotation_4yr,2022,0.71619801385343,0.023279060829969594,0.6691449814126395,0.7620817843866171
LACI,rotation_4yr,2023,0.7803635382125573,0.02200814207352951,0.7360594795539034,0.8215613382899628
LACI,rotation_4yr,2024,0.7276385631128168,0.024152214657850717,0.6802973977695167,0.7732342007434945
LACI,rotation_5yr,2016,0.7434569214497208,0.042425624206810925,0.6553030303030303,0.821969696969697
LACI,rotation_5yr,2017,0.6837570120648429,0.034374682856983745,0.6136363636363636,0.75
LACI,rotation_5yr,2018,0.7432701603493683,0.03307277618709456,0.678030303030303,0.8068181818181818
LACI,rotation_5yr,2019,0.689301884733928,0.02226648427470911,0.6439393939393939,0.7310606060606061
LACI,rotation_5yr,2020,0.7308746026117764,0.029413689440970864,0.6742424242424242,0.7878787878787878
LACI,rotation_5yr,2021,0.7765871284098107,0.02207096212867716,0.7310606060606061,0.8181818181818182
LACI,rotation_5yr,2022,0.6826436431521941,0.02263825957322575,0.6399621212121213,0.7272727272727273
LACI,rotation_5yr,2023,0.756004767143381,0.024514478328501222,0.7083333333333334,0.803030303030303
LACI,rotation_5yr,2024,0.7237757866695761,0.022305118484900854,0.678030303030303,0.7651515151515151
LANO,full,2016,0.9228644293000728,0.030524160152380117,0.8535714285714285,0.9714285714285714
LANO,full,2017,0.7516901690169017,0.033412878802700975,0.6821428571428572,0.8142857142857143
LANO,full,2018,0.8947801923049448,0.019358056213329918,0.8535714285714285,0.9321428571428572
LANO,full,2019,0.8538375266098038,0.013915921761424047,0.825,0.8785714285714286
LANO,full,2020,0.8795768862600546,0.017195635363040817,0.8428571428571429,0.9107142857142857
LANO,full,2021,0.8709817410312459,0.01626510154808389,0.8392857142857143,0.9035714285714286
LANO,full,2022,0.8941833469061192,0.012036135039839432,0.8678571428571429,0.9178571428571428
LANO,full,2023,0.8756107753632506,0.01646804591291837,0.8428571428571429,0.9071428571428571
LANO,full,2024,0.9296997556898547,0.013992512211876404,0.9,0.9535714285714286
LANO,rotation_2yr,2016,0.9259929590081311,0.02865595017241585,0.8597122302158273,0.9712230215827338
LANO,rotation_2yr,2017,0.7758815449890313,0.03364815706565403,0.7050359712230215,0.8381294964028777
LANO,rotation_2yr,2018,0.8836541927574052,0.022252130270723376,0.8381294964028777,0.9244604316546763
LANO,rotation_2yr,2019,0.8442739957448983,0.017517426948786496,0.8093525179856115,0.8776978417266187
LANO,rotation_2yr,2020,0.871976766021926,0.01864169005752073,0.8345323741007195,0.9064748201438849
LANO,rotation_2yr,2021,0.8806006499930569,0.017207305137034824,0.8453237410071942,0.9136690647482014
LANO,rotation_2yr,2022,0.8965529646489829,0.014796315288365185,0.8669064748201439,0.9244604316546763
LANO,rotation_2yr,2023,0.8941361762075488,0.019471484434428362,0.8525179856115108,0.9280575539568345
LANO,rotation_2yr,2024,0.9266041712084877,0.017499288671042692,0.8884892086330936,0.9568345323741008
LANO,rotation_3yr,2016,0.9279371967047451,0.027829185563471512,0.8656716417910447,0.9738805970149254
LANO,rotation_3yr,2017,0.7885904262067998,0.035621748008228316,0.7126865671641791,0.8544776119402985
LANO,rotation_3yr,2018,0.9103735000365708,0.02260862941861535,0.8619402985074627,0.9514925373134329
LANO,rotation_3yr,2019,0.8669191546020274,0.019260332774876918,0.8246268656716418,0.8992537313432836
LANO,rotation_3yr,2020,0.8881671749264479,0.019719772059098042,0.8470149253731343,0.9253731343283582
LANO,rotation_3yr,2021,0.8749072668460876,0.019411152833737122,0.832089552238806,0.9104477611940298
LANO,rotation_3yr,2022,0.9013352827820096,0.01688106944187035,0.8656716417910447,0.9328358208955224
LANO,rotation_3yr,2023,0.8689137570473465,0.02382089732363196,0.8208955223880597,0.914179104477612
LANO,rotation_3yr,2024,0.9146112372431273,0.020829660843935803,0.8694029850746269,0.9514925373134329
LANO,rotation_4yr,2016,0.9278715975686788,0.027788011487524446,0.8661710037174721,0.9739776951672863
LANO,rotation_4yr,2017,0.787834545536338,0.035333533336674175,0.7137546468401487,0.8513011152416357
LANO,rotation_4yr,2018,0.9091555995748274,0.02564951932373822,0.8550185873605948,0.9553903345724907
LANO,rotation_4yr,2019,0.8393497342299285,0.019737694567953032,0.7992565055762082,0.8736059479553904
LANO,rotation_4yr,2020,0.8691586630782038,0.021063534053875423,0.8252788104089219,0.9070631970260223
LANO,rotation_4yr,2021,0.8940124495720948,0.022940170016002095,0.8475836431226765,0.9368029739776952
LANO,rotation_4yr,2022,0.9100467667584602,0.018534050205683085,0.8698884758364313,0.9442379182156134
LANO,rotation_4yr,2023,0.8878519822242448,0.021263220274265263,0.8438661710037175,0.9256505576208178
LANO,rotation_4yr,2024,0.922376252495138,0.019325848342923474,0.8810408921933085,0.9553903345724907
LANO,rotation_5yr,2016,0.9203897662493522,0.03130792853419497,0.8484848484848485,0.9696969696969697
LANO,rotation_5yr,2017,0.7453559749914386,0.032312775919736386,0.6818181818181818,0.803030303030303
LANO,rotation_5yr,2018,0.8818953865083478,0.025765371539990988,0.8295454545454546,0.9318181818181818
LANO,rotation_5yr,2019,0.8261686017086557,0.018332320272728783,0.7878787878787878,0.8598484848484849
LANO,rotation_5yr,2020,0.8689312113029485,0.023401481076676684,0.821969696969697,0.9128787878787878
LANO,rotation_5yr,2021,0.8727766716065546,0.019548662530942625,0.8333333333333334,0.9090909090909091
LANO,rotation_5yr,2022,0.8798686686850503,0.018027209490281165,0.8445075757575758,0.9128787878787878
LANO,rotation_5yr,2023,0.8416845472426031,0.024603266013743016,0.7916666666666666,0.8863636363636364
LANO,rotation_5yr,2024,0.9201082987086587,0.016176190652950145,0.8863636363636364,0.946969696969697
LABO,full,2016,0.718952609546669,0.04518132884151487,0.6285714285714286,0.8035714285714286
LABO,full,2017,0.32998299829982997,0.022344196898225584,0.28214285714285714,0.37142857142857144
LABO,full,2018,0.33234573457345734,0.01706453066903537,0.3,0.36428571428571427
LABO,full,2019,0.35725501121540726,0.014212572248504135,0.32857142857142857,0.38571428571428573
LABO,full,2020,0.3323021587873073,0.014196404202681307,0.30357142857142855,0.3607142857142857
LABO,full,2021,0.3644882345377395,0.010181459621888947,0.34285714285714286,0.38571428571428573
LABO,full,2022,0.37262547683339764,0.010335119203669876,0.3535714285714286,0.39285714285714285
LABO,full,2023,0.39208849456374206,0.012432115560969974,0.3678571428571429,0.41785714285714287
LABO,full,2024,0.39815803008872314,0.015352749702718417,0.3678571428571429,0.42857142857142855
LABO,rotation_2yr,2016,0.7135364615598251,0.045750870563223245,0.6223021582733813,0.7985611510791367
LABO,rotation_2yr,2017,0.3310575661882735,0.02388214526990224,0.2841726618705036,0.3776978417266187
LABO,rotation_2yr,2018,0.32985492793883703,0.01931486443732561,0.29136690647482016,0.3669064748201439
LABO,rotation_2yr,2019,0.3617779044091459,0.01528835130547436,0.33093525179856115,0.3920863309352518
LABO,rotation_2yr,2020,0.33811798446031655,0.014939468433679723,0.30935251798561153,0.3669064748201439
LABO,rotation_2yr,2021,0.3565151479176695,0.012860600060559462,0.33093525179856115,0.381294964028777
LABO,rotation_2yr,2022,0.3672514733487737,0.011885909954002814,0.34532374100719426,0.38848920863309355
LABO,rotation_2yr,2023,0.3871041780437037,0.015618028362223531,0.35611510791366907,0.4172661870503597
LABO,rotation_2yr,2024,0.41193831613377163,0.02053687150765184,0.37410071942446044,0.4568345323741007
LABO,rotation_3yr,2016,0.7127895625383434,0.04524952636798163,0.6194029850746269,0.7985074626865671
LABO,rotation_3yr,2017,0.33476332707897655,0.027522838751087512,0.2835820895522388,0.3880597014925373
LABO,rotation_3yr,2018,0.33034982602737883,0.023759999036130835,0.2835820895522388,0.376865671641791
LABO,rotation_3yr,2019,0.3702698628071762,0.017096365852777264,0.33955223880597013,0.40317164179104203
LABO,rotation_3yr,2020,0.31982190756389073,0.016915389767286206,0.2873134328358209,0.35447761194029853
LABO,rotation_3yr,2021,0.3452781845348714,0.013520447652624428,0.3208955223880597,0.373134328358209
LABO,rotation_3yr,2022,0.3627993396354561,0.012574169504859031,0.33955223880597013,0.3880597014925373
LABO,rotation_3yr,2023,0.3875447246217159,0.01898345630832352,0.35074626865671643,0.4253731343283582
LABO,rotation_3yr,2024,0.3887086469841014,0.02330230776155204,0.34328358208955223,0.43656716417910446
LABO,rotation_4yr,2016,0.7134036823756725,0.04505887070798318,0.620817843866171,0.7992565055762082
LABO,rotation_4yr,2017,0.3394239052158004,0.026999013712935078,0.2862453531598513,0.3940520446096654
LABO,rotation_4yr,2018,0.3356744596392725,0.023483809987193585,0.2899628252788104,0.3828996282527881
LABO,rotation_4yr,2019,0.36192801436277455,0.016395393750997897,0.3271375464684015,0.3940520446096654
LABO,rotation_4yr,2020,0.3351985756196437,0.01578952101238921,0.3048327137546468,0.36431226765799257
LABO,rotation_4yr,2021,0.3564981033419327,0.014067701890190836,0.3308550185873606,0.3828996282527881
LABO,rotation_4yr,2022,0.3637913977271333,0.015436651839632595,0.3345724907063197,0.3940520446096654
LABO,rotation_4yr,2023,0.3837335406403094,0.021721178012058508,0.3420074349442379,0.42379182156133827
LABO,rotation_4yr,2024,0.4317364821984057,0.02635830775672176,0.38661710037174724,0.48698884758364314
LABO,rotation_5yr,2016,0.7185597347613549,0.04602670212090783,0.625,0.8068181818181818
LABO,rotation_5yr,2017,0.33081073258841037,0.0249375083696236,0.2803030303030303,0.3787878787878788
LABO,rotation_5yr,2018,0.3325484063557871,0.022610301878534172,0.2878787878787879,0.3787878787878788
LABO,rotation_5yr,2019,0.3627680949913173,0.01662007627499512,0.32954545454545453,0.3977272727272727
LABO,rotation_5yr,2020,0.3188856764464325,0.01834967043077421,0.2840909090909091,0.3560606060606061
LABO,rotation_5yr,2021,0.33890548145723665,0.015099586636588934,0.3106060606060606,0.36742424242424243
LABO,rotation_5yr,2022,0.35342928232217163,0.015686260739279867,0.32196969696969696,0.38257575757575757
LABO,rotation_5yr,2023,0.39467621004524694,0.02091429278974159,0.3560606060606061,0.4356060606060606
LABO,rotation_5yr,2024,0.4082646901053742,0.02007738220344305,0.3712121212121212,0.45075757575757575
MYLU,full,2016,0.9026191904904776,0.028722869493114547,0.8392857142857143,0.95
MYLU,full,2017,0.9337844498735588,0.02077414800231231,0.8857142857142857,0.9678571428571429
MYLU,full,2018,0.9676842684268426,0.011911708580326107,0.9392857142857143,0.9857142857142858
MYLU,full,2019,0.9528138528138528,0.009353789603020975,0.9321428571428572,0.9678571428571429
MYLU,full,2020,0.9309334504879059,0.012125641168962689,0.9035714285714286,0.9535714285714286
MYLU,full,2021,0.9495224522452246,0.010601299953502575,0.925,0.9678571428571429
MYLU,full,2022,0.9474711756889975,0.00885030990132286,0.9285714285714286,0.9642857142857143
MYLU,full,2023,0.9721561441858472,0.008752115808961377,0.9535714285714286,0.9857142857142858
MYLU,full,2024,0.93504814767191,0.012334258191925006,0.9071428571428571,0.9571428571428572
MYLU,rotation_2yr,2016,0.9034007717318494,0.028929495285648227,0.8381294964028777,0.9532374100719424
MYLU,rotation_2yr,2017,0.9485977374715889,0.020015844378869274,0.9028776978417267,0.9820143884892086
MYLU,rotation_2yr,2018,0.9699887254912541,0.012773731619886153,0.9388489208633094,0.9892086330935251
MYLU,rotation_2yr,2019,0.952876582622291,0.012403875539539705,0.9244604316546763,0.9748201438848921
MYLU,rotation_2yr,2020,0.9260444030014512,0.01448870730180058,0.89568345323741,0.9496402877697842
MYLU,rotation_2yr,2021,0.9557329833702795,0.011661188145498116,0.9316546762589928,0.9748201438848921
MYLU,rotation_2yr,2022,0.9443688973213868,0.011770410025970731,0.9172661870503597,0.9640287769784173
MYLU,rotation_2yr,2023,0.9631722165022257,0.011733529954827522,0.9388489208633094,0.9820143884892086
MYLU,rotation_2yr,2024,0.9469903824914866,0.01357188727318216,0.9172661870503597,0.9712230215827338
MYLU,rotation_3yr,2016,0.8972005409496173,0.029909014889401724,0.832089552238806,0.9477611940298507
MYLU,rotation_3yr,2017,0.9154236319154303,0.025895333993923065,0.8582089552238806,0.9589552238805971
MYLU,rotation_3yr,2018,0.9871886442375581,0.011078953797986449,0.9589552238805971,1
MYLU,rotation_3yr,2019,0.9721748294232408,0.010802747943097015,0.9477611940298507,0.9888059701492538
MYLU,rotation_3yr,2020,0.9208260378276634,0.01562845766799085,0.8880597014925373,0.9477611940298507
MYLU,rotation_3yr,2021,0.9507674648061821,0.013202865482087657,0.9216417910447762,0.9738805970149254
MYLU,rotation_3yr,2022,0.944265695226239,0.01239739194162798,0.917910447761194,0.9664179104477612
MYLU,rotation_3yr,2023,0.9640098338192028,0.013846250368355706,0.9328358208955224,0.9850746268656716
MYLU,rotation_3yr,2024,0.9477074573128955,0.015693894402840164,0.9104477611940298,0.9738805970149254
MYLU,rotation_4yr,2016,0.8965632622741828,0.029846969716241255,0.8327137546468402,0.9479553903345725
MYLU,rotation_4yr,2017,0.9127778948898607,0.02621166642001474,0.8550185873605948,0.9553903345724907
MYLU,rotation_4yr,2018,0.9734311721134938,0.014943877616398846,0.9368029739776952,0.9962825278810409
MYLU,rotation_4yr,2019,0.9497986973418532,0.01341907739582247,0.9219330855018587,0.9702602230483272
MYLU,rotation_4yr,2020,0.9265458144327444,0.015797297567246096,0.8921933085501859,0.9553903345724907
MYLU,rotation_4yr,2021,0.9547095973537875,0.015014921781985135,0.9219330855018587,0.9776951672862454
MYLU,rotation_4yr,2022,0.9480226833092231,0.013708498901497133,0.9182156133828996,0.9702602230483272
MYLU,rotation_4yr,2023,0.9703661815995726,0.01170246382981191,0.9442379182156134,0.9888475836431226
MYLU,rotation_4yr,2024,0.9638119945823579,0.012624560694632312,0.9330855018587361,0.9851301115241635
MYLU,rotation_5yr,2016,0.901710246782254,0.029005649336078427,0.8371212121212122,0.9507575757575758
MYLU,rotation_5yr,2017,0.9328595738361715,0.020819335622987666,0.8863636363636364,0.9659090909090909
MYLU,rotation_5yr,2018,0.9664966496649665,0.015459452660997582,0.9318181818181818,0.9886363636363636
MYLU,rotation_5yr,2019,0.9430124830664884,0.01215405164522724,0.9166666666666666,0.9621212121212122
MYLU,rotation_5yr,2020,0.9090651489391363,0.01842766521984825,0.8712121212121212,0.9393939393939394
MYLU,rotation_5yr,2021,0.9544238514760567,0.011874885272008438,0.928030303030303,0.9734848484848485
MYLU,rotation_5yr,2022,0.9440205384174781,0.012553703446416218,0.9166666666666666,0.9659090909090909
MYLU,rotation_5yr,2023,0.9769314052617383,0.011305255799536396,0.9507575757575758,0.9924242424242424
MYLU,rotation_5yr,2024,0.9432628868947501,0.0135470031518428,0.9128787878787878,0.9659090909090909
MYSE,full,2016,0.27622119354792624,0.04733358647644876,0.19285714285714287,0.375
MYSE,full,2017,0.14058655865586558,0.02571153528859157,0.09285714285714286,0.19285714285714287
MYSE,full,2018,0.15394289428942895,0.019977423726689023,0.11785714285714285,0.19642857142857142
MYSE,full,2019,0.15538303830383038,0.016215876873372944,0.125,0.18928571428571428
MYSE,full,2020,0.1183089737545183,0.015140031040056815,0.08928571428571429,0.15
MYSE,full,2021,0.14067549612104066,0.014003717145376692,0.11428571428571428,0.17142857142857143
MYSE,full,2022,0.1280942379952281,0.013068904586722515,0.10357142857142858,0.15357142857142858
MYSE,full,2023,0.13529031474576028,0.01573533139373743,0.10714285714285714,0.16785714285714284
MYSE,full,2024,0.128017087423028,0.0173579640157163,0.09642857142857143,0.16428571428571428
MYSE,rotation_2yr,2016,0.27301651028412194,0.046126442738290925,0.1906474820143885,0.37050359712230213
MYSE,rotation_2yr,2017,0.14642111693183707,0.02603939064361694,0.09712230215827339,0.2014388489208633
MYSE,rotation_2yr,2018,0.15569326716844345,0.0216705143577818,0.11870503597122302,0.2014388489208633
MYSE,rotation_2yr,2019,0.1279059560632322,0.017492357701303553,0.09712230215827339,0.16546762589928057
MYSE,rotation_2yr,2020,0.10311462800956354,0.01328463282128697,0.07913669064748201,0.13309352517985612
MYSE,rotation_2yr,2021,0.13700974413988162,0.015189143380555443,0.1079136690647482,0.16906474820143885
MYSE,rotation_2yr,2022,0.12619355460725928,0.013658359860276349,0.10071942446043165,0.15467625899280577
MYSE,rotation_2yr,2023,0.11519317399365836,0.020210722858535993,0.07553956834532374,0.15467625899280577
MYSE,rotation_2yr,2024,0.13579631344429408,0.020370007012965666,0.10071942446043165,0.17985611510791366
MYSE,rotation_3yr,2016,0.2734661525854078,0.04701133834900246,0.19029850746268656,0.373134328358209
MYSE,rotation_3yr,2017,0.14218250183227277,0.02715599971859412,0.09328358208955224,0.19776119402985073
MYSE,rotation_3yr,2018,0.13723051409618572,0.022981321432281095,0.09701492537313433,0.1865671641791045
MYSE,rotation_3yr,2019,0.1630222723764914,0.018424890615912327,0.13059701492537312,0.20149253731343283
MYSE,rotation_3yr,2020,0.1209430644556993,0.016958736832067764,0.08955223880597014,0.15671641791044777
MYSE,rotation_3yr,2021,0.14624074347733282,0.015801182192258727,0.11567164179104478,0.1791044776119403
MYSE,rotation_3yr,2022,0.1258465398778684,0.01457086385736121,0.10074626865671642,0.15671641791044777
MYSE,rotation_3yr,2023,0.13910159672683686,0.019115802621356624,0.10074626865671642,0.1791044776119403
MYSE,rotation_3yr,2024,0.14905109913976472,0.023333152578805298,0.1044776119402985,0.19776119402985073
MYSE,rotation_4yr,2016,0.2598873270226651,0.04700436195672356,0.17843866171003717,0.36059479553903345
MYSE,rotation_4yr,2017,0.1247868281251917,0.025879718469418295,0.08178438661710037,0.17843866171003717
MYSE,rotation_4yr,2018,0.11548292375705972,0.02105267901535485,0.07806691449814127,0.15985130111524162
MYSE,rotation_4yr,2019,0.11431477720262732,0.01623780550218017,0.08550185873605948,0.14869888475836432
MYSE,rotation_4yr,2020,0.09708851926084802,0.01390580803724303,0.07434944237918216,0.12639405204460966
MYSE,rotation_4yr,2021,0.12370679447126869,0.016373845519696027,0.09665427509293681,0.15985130111524162
MYSE,rotation_4yr,2022,0.08267666915390423,0.014841321051192267,0.055762081784386616,0.11524163568773234
MYSE,rotation_4yr,2023,0.1013856032443393,0.017688314909745345,0.07063197026022305,0.137546468401487
MYSE,rotation_4yr,2024,0.1403489791358318,0.021770040955201665,0.10408921933085502,0.1895910780669145
MYSE,rotation_5yr,2016,0.2718790818475787,0.04757894198956675,0.1856060606060606,0.3712121212121212
MYSE,rotation_5yr,2017,0.1360484533301815,0.02632080668905482,0.09090909090909091,0.19318181818181818
MYSE,rotation_5yr,2018,0.14691355499186282,0.024430900916795353,0.10227272727272728,0.20075757575757575
MYSE,rotation_5yr,2019,0.16511499634811966,0.019030183570352494,0.13257575757575757,0.20454545454545456
MYSE,rotation_5yr,2020,0.1073414159597778,0.018540561451961035,0.07196969696969698,0.14393939393939395
MYSE,rotation_5yr,2021,0.1266740310394676,0.016662566194739006,0.09848484848484848,0.16287878787878787
MYSE,rotation_5yr,2022,0.09879283382883743,0.016547918334801594,0.06818181818181818,0.13257575757575757
MYSE,rotation_5yr,2023,0.12480604121018163,0.018899942808731435,0.09090909090909091,0.16306818181817906
MYSE,rotation_5yr,2024,0.1429733882479157,0.01867114112425539,0.10984848484848485,0.18181818181818182
