"site","park_name","region","lat","long","n_years","is_bc_park","is_alaska","site_type"
"110378_NE","Sage Sparrow","Okanagan Region",49.04717,-119.5574,7,FALSE,FALSE,"Fixed (BC)"
"110378_NW","Sage Sparrow","Okanagan Region",49.035355,-119.575462,9,FALSE,FALSE,"Fixed (BC)"
"110378_SE","Sage Sparrow","Okanagan Region",49.01485,-119.53228,7,FALSE,FALSE,"Fixed (BC)"
"110378_SW","Sage Sparrow","Okanagan Region",49.004116,-119.595522,9,FALSE,FALSE,"Fixed (BC)"
"114602_NE","Comox","South Coastal Region",49.70588,-125.06708,5,FALSE,FALSE,"Fixed (BC)"
"114602_NW","Comox","South Coastal Region",49.67623,-125.13792,6,FALSE,FALSE,"Fixed (BC)"
"114602_SE","Comox","South Coastal Region",49.65756,-125.0438,6,FALSE,FALSE,"Fixed (BC)"
"114602_SW","Comox","South Coastal Region",49.64146,-125.08654,6,FALSE,FALSE,"Fixed (BC)"
"115322_NE","Tweedsmuir","Northern Region",52.37764,-125.98565,5,TRUE,FALSE,"BC Parks (Rotating)"
"115322_NW","Tweedsmuir","Northern Region",52.37481,-126.08159,7,TRUE,FALSE,"BC Parks (Rotating)"
"115322_SE","Tweedsmuir","Northern Region",52.35752,-126.01253,6,TRUE,FALSE,"BC Parks (Rotating)"
"115322_SW","Tweedsmuir","Northern Region",52.34498,-126.07967,7,TRUE,FALSE,"BC Parks (Rotating)"
"1194_NW","New Denver","Kootenay Region",50.117491,-117.522995,9,FALSE,FALSE,"Fixed (BC)"
"12522_NE","Texada","South Coastal Region",49.721545,-124.515633,6,FALSE,FALSE,"Fixed (BC)"
"12522_NW","Texada","South Coastal Region",49.757569,-124.563075,6,FALSE,FALSE,"Fixed (BC)"
"12522_SE","Texada","South Coastal Region",49.70213,-124.47636,7,FALSE,FALSE,"Fixed (BC)"
"12522_SW","Texada","South Coastal Region",49.7022,-124.52268,7,FALSE,FALSE,"Fixed (BC)"
"127850_NE","Elko","Kootenay Region",49.313072,-115.01912,5,FALSE,FALSE,"Fixed (BC)"
"127850_NW","Elko","Kootenay Region",49.309601,-115.052005,8,FALSE,FALSE,"Fixed (BC)"
"127850_SE","Elko","Kootenay Region",49.284975,-114.953949,6,FALSE,FALSE,"Fixed (BC)"
"127850_SW","Elko","Kootenay Region",49.267101,-115.02532,8,FALSE,FALSE,"Fixed (BC)"
"128058_NE","Saltspring Island","South Coastal Region",48.841169,-123.427265,5,FALSE,FALSE,"Fixed (BC)"
"128058_NW","Saltspring Island","South Coastal Region",48.82144,-123.486428,5,FALSE,FALSE,"Fixed (BC)"
"128058_SW","Saltspring Island","South Coastal Region",48.798281,-123.476317,5,FALSE,FALSE,"Fixed (BC)"
"132650_SE","Junction Sheep","Okanagan Region",51.818279,-122.4214442,5,TRUE,FALSE,"BC Parks (Rotating)"
"132650_SW","Junction Sheep","Okanagan Region",51.80225,-122.46284,5,TRUE,FALSE,"BC Parks (Rotating)"
"137274_NE","Cowichan","South Coastal Region",48.79,-123.6988,5,FALSE,FALSE,"Fixed (BC)"
"137274_NW","Cowichan","South Coastal Region",48.7891,-123.719,6,FALSE,FALSE,"Fixed (BC)"
"137274_SE","Cowichan","South Coastal Region",48.7539,-123.6447,6,FALSE,FALSE,"Fixed (BC)"
"143274_NE","Pemberton","South Coastal Region",50.3377,-122.8012,6,FALSE,FALSE,"Fixed (BC)"
"143274_NW","Pemberton","South Coastal Region",50.3446,-122.8479,6,FALSE,FALSE,"Fixed (BC)"
"143274_SE","Pemberton","South Coastal Region",50.3004,-122.758,6,FALSE,FALSE,"Fixed (BC)"
"143274_SW","Pemberton","South Coastal Region",50.2961,-122.8048,6,FALSE,FALSE,"Fixed (BC)"
"145578_NE","Premier Lake","Kootenay Region",49.931778,-115.655583,6,TRUE,FALSE,"BC Parks (Rotating)"
"145578_NW","Premier Lake","Kootenay Region",49.935444,-115.674972,5,TRUE,FALSE,"BC Parks (Rotating)"
"145578_SE","Premier Lake","Kootenay Region",49.899833,-115.642222,7,TRUE,FALSE,"BC Parks (Rotating)"
"145578_SW","Premier Lake","Kootenay Region",49.895889,-115.695,6,TRUE,FALSE,"BC Parks (Rotating)"
"16426_NE","Carp Lake Park","Northern Region",54.82137,-123.355785,6,TRUE,FALSE,"BC Parks (Rotating)"
"16426_SE","Carp Lake Park","Northern Region",54.818945,-123.339974,6,TRUE,FALSE,"BC Parks (Rotating)"
"172090_NE","Mount Seymour","South Coastal Region",49.37012,-122.94857,6,TRUE,FALSE,"BC Parks (Rotating)"
"172090_NW","Mount Seymour","South Coastal Region",49.3468347,-123.009846,5,TRUE,FALSE,"BC Parks (Rotating)"
"172090_SE","Mount Seymour","South Coastal Region",49.32364,-122.97036,6,TRUE,FALSE,"BC Parks (Rotating)"
"172090_SW","Mount Seymour","South Coastal Region",49.31421,-123.01406,6,TRUE,FALSE,"BC Parks (Rotating)"
"175354_SE","Liard Hot Springs","Northern Region",59.42418,-125.94917,3,TRUE,FALSE,"BC Parks (Rotating)"
"175354_SW","Liard Hot Springs","Northern Region",59.40931,-126.09868,4,TRUE,FALSE,"BC Parks (Rotating)"
"17706_NW","Wells Gray","Northern Region",51.97600921,-120.1036777,3,TRUE,FALSE,"BC Parks (Rotating)"
"17706_SE","Wells Gray","Northern Region",51.940804,-120.016832,4,TRUE,FALSE,"BC Parks (Rotating)"
"17706_SW","Wells Gray","Northern Region",51.94316,-120.06784,3,TRUE,FALSE,"BC Parks (Rotating)"
"18318_SW","Wrangell","Alaska",56.2522,-132.06853,3,FALSE,TRUE,"Fixed (Alaska)"
"186490_NW","Smithers","Northern Region",54.754,-127.12678,8,FALSE,FALSE,"Fixed (BC)"
"186490_SE","Smithers","Northern Region",54.722574,-126.997418,7,FALSE,FALSE,"Fixed (BC)"
"186490_SW","Smithers","Northern Region",54.722779,-127.053965,9,FALSE,FALSE,"Fixed (BC)"
"194666_NE","Vernon","Okanagan Region",50.230138,-119.32344,8,FALSE,FALSE,"Fixed (BC)"
"194666_SW","Vernon","Okanagan Region",50.169151,-119.410806,8,FALSE,FALSE,"Fixed (BC)"
"20330_NE","Castlegar","Kootenay Region",49.424541,-117.7286549,8,FALSE,FALSE,"Fixed (BC)"
"20330_SE","Castlegar","Kootenay Region",49.381304,-117.6779339,8,FALSE,FALSE,"Fixed (BC)"
"206394_NE","Naikoon","Northern Region",53.636548,-132.050561,3,TRUE,FALSE,"BC Parks (Rotating)"
"206394_NW","Naikoon","Northern Region",53.637196,-132.162509,3,TRUE,FALSE,"BC Parks (Rotating)"
"206394_SE","Naikoon","Northern Region",53.608769,-131.99988,3,TRUE,FALSE,"BC Parks (Rotating)"
"206394_SW","Naikoon","Northern Region",53.573235,-132.115794,3,TRUE,FALSE,"BC Parks (Rotating)"
"206_NW","POW","Alaska",56.0204,-133.24865,5,FALSE,TRUE,"Fixed (Alaska)"
"20730_NE","TKD","Northern Region",56.7952475,-124.9005858,2,FALSE,FALSE,"Fixed (BC)"
"20730_NW","TKD","Northern Region",56.79948362,-124.9761373,2,FALSE,FALSE,"Fixed (BC)"
"20730_SE","TKD","Northern Region",56.7845655,-124.8854358,2,FALSE,FALSE,"Fixed (BC)"
"212266_NE","Kamloops","Okanagan Region",50.7512766,-120.4800092,9,FALSE,FALSE,"Fixed (BC)"
"212266_NW","Kamloops","Okanagan Region",50.7775476,-120.5598176,7,FALSE,FALSE,"Fixed (BC)"
"212266_SE","Kamloops","Okanagan Region",50.7148071,-120.4925243,8,FALSE,FALSE,"Fixed (BC)"
"212266_SW","Kamloops","Okanagan Region",50.7323352,-120.5218426,8,FALSE,FALSE,"Fixed (BC)"
"212906_NW","Horne Lake Park","South Coastal Region",49.36971,-124.79984,6,TRUE,FALSE,"BC Parks (Rotating)"
"212906_SE","Horne Lake Park","South Coastal Region",49.35175,-124.74136,6,TRUE,FALSE,"BC Parks (Rotating)"
"212906_SW","Horne Lake Park","South Coastal Region",49.33595,-124.7423,5,TRUE,FALSE,"BC Parks (Rotating)"
"216746_NW","Pacific Rim National Park","South Coastal Region",49.106754,-125.78544,3,TRUE,FALSE,"BC Parks (Rotating)"
"216746_SE","Pacific Rim National Park","South Coastal Region",49.077676,-125.746438,6,TRUE,FALSE,"BC Parks (Rotating)"
"218282_SE","Summit Lake","Kootenay Region",50.138325,-117.556721,4,TRUE,FALSE,"BC Parks (Rotating)"
"218282_SW","Summit Lake","Kootenay Region",50.150936,-117.622098,5,TRUE,FALSE,"BC Parks (Rotating)"
"226090_NE","Hamilton Commonage","Okanagan Region",50.10929,-120.45236,5,FALSE,FALSE,"Fixed (BC)"
"226090_NW","Hamilton Commonage","Okanagan Region",50.0999,-120.50647,6,FALSE,FALSE,"Fixed (BC)"
"226090_SE","Hamilton Commonage","Okanagan Region",50.07156,-120.42266,5,FALSE,FALSE,"Fixed (BC)"
"230186_NE","Skagit","Okanagan Region",49.014567,-121.071983,5,TRUE,FALSE,"BC Parks (Rotating)"
"230186_SE","Skagit","Okanagan Region",48.975109,-121.083294,6,TRUE,FALSE,"BC Parks (Rotating)"
"231310_SE","","Alaska",56.22812,-132.07308,3,FALSE,TRUE,"Fixed (Alaska)"
"241002_NE","Mount Revelstoke","Kootenay Region",51.038169,-118.135697,8,TRUE,FALSE,"BC Parks (Rotating)"
"241002_NW","Mount Revelstoke","Kootenay Region",51.015969,-118.202923,8,TRUE,FALSE,"BC Parks (Rotating)"
"243562_NE","Kimberley","Kootenay Region",49.699661,-115.984981,7,FALSE,FALSE,"Fixed (BC)"
"243562_SE","Kimberley","Kootenay Region",49.650677,-115.946919,7,FALSE,FALSE,"Fixed (BC)"
"26170_NE","Yakoun","Northern Region",53.620517,-132.208832,3,TRUE,FALSE,"BC Parks (Rotating)"
"26170_NW","Yakoun","Northern Region",53.604517,-132.288374,3,TRUE,FALSE,"BC Parks (Rotating)"
"26170_SE","Yakoun","Northern Region",53.58901,-132.176947,3,TRUE,FALSE,"BC Parks (Rotating)"
"26170_SW","Yakoun","Northern Region",53.568946,-132.230418,3,TRUE,FALSE,"BC Parks (Rotating)"
"265749_NE","Kettle/Conkle Parks","Okanagan Region",49.15892,-119.03758,6,TRUE,FALSE,"BC Parks (Rotating)"
"265749_NW","Kettle/Conkle Parks","Okanagan Region",49.16674,-119.10324,7,TRUE,FALSE,"BC Parks (Rotating)"
"265749_SE","Kettle/Conkle Parks","Okanagan Region",49.11153,-118.97698,7,TRUE,FALSE,"BC Parks (Rotating)"
"265749_SW","Kettle/Conkle Parks","Okanagan Region",49.11337,-119.05299,7,TRUE,FALSE,"BC Parks (Rotating)"
"268521_NE","Fernie","Kootenay Region",49.49916,-115.03962,7,FALSE,FALSE,"Fixed (BC)"
"268521_NW","Fernie","Kootenay Region",49.48855,-115.09812,6,FALSE,FALSE,"Fixed (BC)"
"268521_SE","Fernie","Kootenay Region",49.440833,-115.056338,6,FALSE,FALSE,"Fixed (BC)"
"269777_NW","Pink Mountain","Northern Region",57.04083,-122.86281,4,FALSE,FALSE,"Fixed (BC)"
"269777_SW","Pink Mountain","Northern Region",57.01497,-122.80521,4,FALSE,FALSE,"Fixed (BC)"
"271731_SW","Glacier","Kootenay Region",51.241464,-117.649615,6,TRUE,FALSE,"BC Parks (Rotating)"
"283586_NE","Lakelse Park 1","Northern Region",54.3558,-128.5366,6,TRUE,FALSE,"BC Parks (Rotating)"
"283586_NW","Lakelse Park 1","Northern Region",54.3321,-128.6266,7,TRUE,FALSE,"BC Parks (Rotating)"
"283586_SE","Lakelse Park 1","Northern Region",54.31162,-128.54374,7,TRUE,FALSE,"BC Parks (Rotating)"
"283586_SW","Lakelse Park 1","Northern Region",54.2946,-128.581,7,TRUE,FALSE,"BC Parks (Rotating)"
"294832_NE","Charlie Lake","Northern Region",56.3348,-120.97877,7,FALSE,FALSE,"Fixed (BC)"
"294832_NW","Charlie Lake","Northern Region",56.33264,-121.00747,7,FALSE,FALSE,"Fixed (BC)"
"294832_SE","Charlie Lake","Northern Region",56.30206,-120.94608,7,FALSE,FALSE,"Fixed (BC)"
"294832_SW","Charlie Lake","Northern Region",56.30496,-121.00198,7,FALSE,FALSE,"Fixed (BC)"
"31438_NE","Douglas","Alaska",58.25287,-134.3463,4,FALSE,TRUE,"Fixed (Alaska)"
"31438_NW","Douglas","Alaska",58.26963,-134.43333,4,FALSE,TRUE,"Fixed (Alaska)"
"31438_SE","Douglas","Alaska",58.24628,-134.33602,4,FALSE,TRUE,"Fixed (Alaska)"
"315563_SE","Valley","Alaska",58.36437,-134.50136,4,FALSE,TRUE,"Fixed (Alaska)"
"317428_NE","Manning Park","South Coastal Region",49.06292,-120.799436,7,TRUE,FALSE,"BC Parks (Rotating)"
"317428_NW","Manning Park","South Coastal Region",49.06417,-120.90943,7,TRUE,FALSE,"BC Parks (Rotating)"
"317428_SE","Manning Park","South Coastal Region",49.06053,-120.77309,7,TRUE,FALSE,"BC Parks (Rotating)"
"317428_SW","Manning Park","South Coastal Region",49.04617,-120.85085,6,TRUE,FALSE,"BC Parks (Rotating)"
"326072_NE","Langley","South Coastal Region",49.09743,-122.51957,8,FALSE,FALSE,"Fixed (BC)"
"326072_NW","Langley","South Coastal Region",49.05235,-122.58989,9,FALSE,FALSE,"Fixed (BC)"
"326072_SE","Langley","South Coastal Region",49.0144,-122.52755,7,FALSE,FALSE,"Fixed (BC)"
"326072_SW","Langley","South Coastal Region",49.01082,-122.58104,9,FALSE,FALSE,"Fixed (BC)"
"34338_NE","Yakutat","Alaska",59.56445,-139.61554,2,FALSE,TRUE,"Fixed (Alaska)"
"34338_NW","Yakutat","Alaska",59.51789,-139.66391,5,FALSE,TRUE,"Fixed (Alaska)"
"34338_SE","Yakutat","Alaska",59.51027,-139.53528,5,FALSE,TRUE,"Fixed (Alaska)"
"34338_SW","Yakutat","Alaska",59.49062,-139.64204,5,FALSE,TRUE,"Fixed (Alaska)"
"37274_NE","Mt Robson Park","Northern Region",53.088742,-119.203183,6,TRUE,FALSE,"BC Parks (Rotating)"
"37274_SE","Mt Robson Park","Northern Region",53.050514,-119.214184,6,TRUE,FALSE,"BC Parks (Rotating)"
"37274_SW","Mt Robson Park","Northern Region",53.035636,-119.228949,6,TRUE,FALSE,"BC Parks (Rotating)"
"38442_NW","Churn Creek","Okanagan Region",51.5199863,-122.2897779,4,TRUE,FALSE,"BC Parks (Rotating)"
"38442_SW","Churn Creek","Okanagan Region",51.502381,-122.289917,6,TRUE,FALSE,"BC Parks (Rotating)"
"42026_NE","Moberly Lake","Northern Region",55.85526785,-121.6534502,2,TRUE,FALSE,"BC Parks (Rotating)"
"42026_NW","Moberly Lake","Northern Region",55.83615996,-121.7169091,2,TRUE,FALSE,"BC Parks (Rotating)"
"42026_SE","Moberly Lake","Northern Region",55.81796825,-121.6640549,2,TRUE,FALSE,"BC Parks (Rotating)"
"42026_SW","Moberly Lake","Northern Region",55.81130793,-121.7013079,2,TRUE,FALSE,"BC Parks (Rotating)"
"47210_NE","Kelowna","Okanagan Region",49.84024333,-119.8811811,2,FALSE,FALSE,"Fixed (BC)"
"47210_NW","Kelowna","Okanagan Region",49.84159091,-119.9782986,2,FALSE,FALSE,"Fixed (BC)"
"47210_SE","Kelowna","Okanagan Region",49.79638208,-119.8698479,2,FALSE,FALSE,"Fixed (BC)"
"47310_NW","Ketchikan","Alaska",55.49629,-131.70515,5,FALSE,TRUE,"Fixed (Alaska)"
"47310_SE","Ketchikan","Alaska",55.45411,-131.61887,4,FALSE,TRUE,"Fixed (Alaska)"
"47310_SW","Ketchikan","Alaska",55.44204,-131.62489,5,FALSE,TRUE,"Fixed (Alaska)"
"47322_NE","Bear Mountain","Northern Region",55.698075,-120.43213,8,FALSE,FALSE,"Fixed (BC)"
"47322_NW","Bear Mountain","Northern Region",55.70016,-120.489889,8,FALSE,FALSE,"Fixed (BC)"
"47322_SE","Bear Mountain","Northern Region",55.64597,-120.40102,7,FALSE,FALSE,"Fixed (BC)"
"47322_SW","Bear Mountain","Northern Region",55.65446,-120.49465,8,FALSE,FALSE,"Fixed (BC)"
"5006_NW","Petersburg","Alaska",56.67385,-132.77744,5,FALSE,TRUE,"Fixed (Alaska)"
"5006_SE","Petersburg","Alaska",56.65803,-132.67407,5,FALSE,TRUE,"Fixed (Alaska)"
"57322_NE","Sumas","South Coastal Region",49.094543,-122.098809,7,FALSE,FALSE,"Fixed (BC)"
"57322_NW","Sumas","South Coastal Region",49.07915,-122.16077,6,FALSE,FALSE,"Fixed (BC)"
"57322_SE","Sumas","South Coastal Region",49.0141,-122.09198,6,FALSE,FALSE,"Fixed (BC)"
"57322_SW","Sumas","South Coastal Region",49.016633,-122.151312,5,FALSE,FALSE,"Fixed (BC)"
"5994_NE","Baynes Lake","Kootenay Region",49.260667,-115.248935,5,FALSE,FALSE,"Fixed (BC)"
"5994_SE","Baynes Lake","Kootenay Region",49.212282,-115.26277,5,FALSE,FALSE,"Fixed (BC)"
"60586_NW","Spillimacheen","Kootenay Region",50.93041,-116.39001,5,FALSE,FALSE,"Fixed (BC)"
"60586_SW","Spillimacheen","Kootenay Region",50.90342,-116.39335,5,FALSE,FALSE,"Fixed (BC)"
"6202_NE","Goldstream","South Coastal Region",48.537407,-123.501191,7,TRUE,FALSE,"BC Parks (Rotating)"
"6202_NW","Goldstream","South Coastal Region",48.507881,-123.600878,6,TRUE,FALSE,"BC Parks (Rotating)"
"6202_SE","Goldstream","South Coastal Region",48.4893431,-123.5078995,4,TRUE,FALSE,"BC Parks (Rotating)"
"6202_SW","Goldstream","South Coastal Region",48.486373,-123.549127,6,TRUE,FALSE,"BC Parks (Rotating)"
"70250_NW","Nicholson","Kootenay Region",51.24583,-116.91793,5,FALSE,FALSE,"Fixed (BC)"
"70250_SW","Nicholson","Kootenay Region",51.20982,-116.89974,3,FALSE,FALSE,"Fixed (BC)"
"73002_NE","Lillooet","Okanagan Region",50.850673,-121.872189,8,FALSE,FALSE,"Fixed (BC)"
"73002_SE","Lillooet","Okanagan Region",50.824841,-121.868963,9,FALSE,FALSE,"Fixed (BC)"
"73002_SW","Lillooet","Okanagan Region",50.80422,-121.87782,9,FALSE,FALSE,"Fixed (BC)"
"73786_NW","Delta","South Coastal Region",49.12334,-123.06198,9,FALSE,FALSE,"Fixed (BC)"
"73786_SE","Delta","South Coastal Region",49.12604,-123.001631,9,FALSE,FALSE,"Fixed (BC)"
"73786_SW","Delta","South Coastal Region",49.108227,-123.079916,7,FALSE,FALSE,"Fixed (BC)"
"77162_NE","Revelstoke","Kootenay Region",50.95478,-118.09975,6,FALSE,FALSE,"Fixed (BC)"
"77162_SW","Revelstoke","Kootenay Region",50.886,-118.10586,8,FALSE,FALSE,"Fixed (BC)"
"79018_NE","Meadow Creek","Kootenay Region",50.202097,-116.910069,9,FALSE,FALSE,"Fixed (BC)"
"79018_NW","Meadow Creek","Kootenay Region",50.193827,-116.947519,9,FALSE,FALSE,"Fixed (BC)"
"79018_SE","Meadow Creek","Kootenay Region",50.187225,-116.904186,9,FALSE,FALSE,"Fixed (BC)"
"79018_SW","Meadow Creek","Kootenay Region",50.177706,-116.959679,9,FALSE,FALSE,"Fixed (BC)"
"86074_NE","Stave","South Coastal Region",49.23087,-122.305598,7,FALSE,FALSE,"Fixed (BC)"
"86074_NW","Stave","South Coastal Region",49.184424,-122.403309,4,FALSE,FALSE,"Fixed (BC)"
"86074_SE","Stave","South Coastal Region",49.169621,-122.319295,5,FALSE,FALSE,"Fixed (BC)"
"86074_SW","Stave","South Coastal Region",49.141737,-122.382035,7,FALSE,FALSE,"Fixed (BC)"
"89962_NE","Fort Shepherd","Kootenay Region",49.07682,-117.5986,2,FALSE,FALSE,"Fixed (BC)"
"89962_SE","Fort Shepherd","Kootenay Region",49.00974,-117.57236,2,FALSE,FALSE,"Fixed (BC)"
"89962_SW","Fort Shepherd","Kootenay Region",49.0077,-117.63034,2,FALSE,FALSE,"Fixed (BC)"
"93290_NE","Penticton","Okanagan Region",49.443606,-119.565345,5,FALSE,FALSE,"Fixed (BC)"
"93290_NW","Penticton","Okanagan Region",49.4153057,-119.6018008,8,FALSE,FALSE,"Fixed (BC)"
"93290_SE","Penticton","Okanagan Region",49.384329,-119.5616458,8,FALSE,FALSE,"Fixed (BC)"
"93290_SW","Penticton","Okanagan Region",49.37943,-119.59374,8,FALSE,FALSE,"Fixed (BC)"
"94522_NW","Haida Gwaii","Northern Region",53.10732,-131.86467,4,TRUE,FALSE,"BC Parks (Rotating)"
"94522_SE","Haida Gwaii","Northern Region",53.08196,-131.77925,3,TRUE,FALSE,"BC Parks (Rotating)"
"9466_NE","Kwadacha","Northern Region",57.34435226,-125.5093223,2,FALSE,FALSE,"Fixed (BC)"
"9466_NW","Kwadacha","Northern Region",57.345896,-125.5503739,2,FALSE,FALSE,"Fixed (BC)"
"9466_SE","Kwadacha","Northern Region",57.31574876,-125.4903741,2,FALSE,FALSE,"Fixed (BC)"
"9466_SW","Kwadacha","Northern Region",57.2948285,-125.5147378,2,FALSE,FALSE,"Fixed (BC)"
"986_NE","Bowron","Northern Region",53.188,-121.302249,7,TRUE,FALSE,"BC Parks (Rotating)"
"986_SE","Bowron","Northern Region",53.139202,-121.257697,7,TRUE,FALSE,"BC Parks (Rotating)"
