site,region,lat,long,elevation,park_name,n_years,is_bc_park,is_alaska,site_type
110378_NE,Okanagan Region,49.04717,-119.5574,NA,Sage Sparrow,7,FALSE,FALSE,Fixed (BC)
110378_NW,Okanagan Region,49.035355,-119.575462,NA,Sage Sparrow,9,FALSE,FALSE,Fixed (BC)
110378_SE,Okanagan Region,49.01485,-119.53228,NA,Sage Sparrow,7,FALSE,FALSE,Fixed (BC)
110378_SW,Okanagan Region,49.004116,-119.595522,NA,Sage Sparrow,9,FALSE,FALSE,Fixed (BC)
114602_NE,South Coastal Region,49.70588,-125.06708,NA,Comox,5,FALSE,FALSE,Fixed (BC)
114602_NW,South Coastal Region,49.67623,-125.13792,NA,Comox,6,FALSE,FALSE,Fixed (BC)
114602_SE,South Coastal Region,49.65756,-125.0438,NA,Comox,6,FALSE,FALSE,Fixed (BC)
114602_SW,South Coastal Region,49.64146,-125.08654,NA,Comox,6,FALSE,FALSE,Fixed (BC)
115322_NE,Northern Region,52.37764,-125.98565,NA,Tweedsmuir,5,TRUE,FALSE,BC Parks (Rotating)
115322_NW,Northern Region,52.37481,-126.08159,NA,Tweedsmuir,7,TRUE,FALSE,BC Parks (Rotating)
115322_SE,Northern Region,52.35752,-126.01253,NA,Tweedsmuir,6,TRUE,FALSE,BC Parks (Rotating)
115322_SW,Northern Region,52.34498,-126.07967,NA,Tweedsmuir,7,TRUE,FALSE,BC Parks (Rotating)
1194_NW,Kootenay Region,50.117491,-117.522995,NA,New Denver,9,FALSE,FALSE,Fixed (BC)
12522_NE,South Coastal Region,49.721545,-124.515633,NA,Texada,6,FALSE,FALSE,Fixed (BC)
12522_NW,South Coastal Region,49.757569,-124.563075,NA,Texada,6,FALSE,FALSE,Fixed (BC)
12522_SE,South Coastal Region,49.70213,-124.47636,NA,Texada,7,FALSE,FALSE,Fixed (BC)
12522_SW,South Coastal Region,49.7022,-124.52268,NA,Texada,7,FALSE,FALSE,Fixed (BC)
127850_NE,Kootenay Region,49.313072,-115.01912,NA,Elko,5,FALSE,FALSE,Fixed (BC)
127850_NW,Kootenay Region,49.309601,-115.052005,NA,Elko,8,FALSE,FALSE,Fixed (BC)
127850_SE,Kootenay Region,49.284975,-114.953949,NA,Elko,6,FALSE,FALSE,Fixed (BC)
127850_SW,Kootenay Region,49.267101,-115.02532,NA,Elko,8,FALSE,FALSE,Fixed (BC)
128058_NE,South Coastal Region,48.841169,-123.427265,NA,Saltspring Island,5,FALSE,FALSE,Fixed (BC)
128058_NW,South Coastal Region,48.82144,-123.486428,NA,Saltspring Island,5,FALSE,FALSE,Fixed (BC)
128058_SW,South Coastal Region,48.798281,-123.476317,NA,Saltspring Island,5,FALSE,FALSE,Fixed (BC)
132650_SE,Okanagan Region,51.818279,-122.4214442,NA,Junction Sheep,5,TRUE,FALSE,BC Parks (Rotating)
132650_SW,Okanagan Region,51.80225,-122.46284,NA,Junction Sheep,5,TRUE,FALSE,BC Parks (Rotating)
137274_NE,South Coastal Region,48.79,-123.6988,NA,Cowichan,5,FALSE,FALSE,Fixed (BC)
137274_NW,South Coastal Region,48.7891,-123.719,NA,Cowichan,6,FALSE,FALSE,Fixed (BC)
137274_SE,South Coastal Region,48.7539,-123.6447,NA,Cowichan,6,FALSE,FALSE,Fixed (BC)
143274_NE,South Coastal Region,50.3377,-122.8012,NA,Pemberton,6,FALSE,FALSE,Fixed (BC)
143274_NW,South Coastal Region,50.3446,-122.8479,NA,Pemberton,6,FALSE,FALSE,Fixed (BC)
143274_SE,South Coastal Region,50.3004,-122.758,NA,Pemberton,6,FALSE,FALSE,Fixed (BC)
143274_SW,South Coastal Region,50.2961,-122.8048,NA,Pemberton,6,FALSE,FALSE,Fixed (BC)
145578_NE,Kootenay Region,49.931778,-115.655583,NA,Premier Lake,6,TRUE,FALSE,BC Parks (Rotating)
145578_NW,Kootenay Region,49.935444,-115.674972,NA,Premier Lake,5,TRUE,FALSE,BC Parks (Rotating)
145578_SE,Kootenay Region,49.899833,-115.642222,NA,Premier Lake,7,TRUE,FALSE,BC Parks (Rotating)
145578_SW,Kootenay Region,49.895889,-115.695,NA,Premier Lake,6,TRUE,FALSE,BC Parks (Rotating)
16426_NE,Northern Region,54.82137,-123.355785,NA,Carp Lake Park,6,TRUE,FALSE,BC Parks (Rotating)
16426_SE,Northern Region,54.818945,-123.339974,NA,Carp Lake Park,6,TRUE,FALSE,BC Parks (Rotating)
172090_NE,South Coastal Region,49.37012,-122.94857,NA,Mount Seymour,6,TRUE,FALSE,BC Parks (Rotating)
172090_NW,South Coastal Region,49.3468347,-123.009846,NA,Mount Seymour,5,TRUE,FALSE,BC Parks (Rotating)
172090_SE,South Coastal Region,49.32364,-122.97036,NA,Mount Seymour,6,TRUE,FALSE,BC Parks (Rotating)
172090_SW,South Coastal Region,49.31421,-123.01406,NA,Mount Seymour,6,TRUE,FALSE,BC Parks (Rotating)
175354_SE,Northern Region,59.42418,-125.94917,NA,Liard Hot Springs,3,TRUE,FALSE,BC Parks (Rotating)
175354_SW,Northern Region,59.40931,-126.09868,NA,Liard Hot Springs,4,TRUE,FALSE,BC Parks (Rotating)
17706_NW,Northern Region,51.97600921,-120.1036777,NA,Wells Gray,3,TRUE,FALSE,BC Parks (Rotating)
17706_SE,Northern Region,51.940804,-120.016832,NA,Wells Gray,4,TRUE,FALSE,BC Parks (Rotating)
17706_SW,Northern Region,51.94316,-120.06784,NA,Wells Gray,3,TRUE,FALSE,BC Parks (Rotating)
18318_SW,Alaska,56.2522,-132.06853,65,Wrangell,3,FALSE,TRUE,Fixed (Alaska)
186490_NW,Northern Region,54.754,-127.12678,NA,Smithers,8,FALSE,FALSE,Fixed (BC)
186490_SE,Northern Region,54.722574,-126.997418,NA,Smithers,7,FALSE,FALSE,Fixed (BC)
186490_SW,Northern Region,54.722779,-127.053965,NA,Smithers,9,FALSE,FALSE,Fixed (BC)
194666_NE,Okanagan Region,50.230138,-119.32344,NA,Vernon,8,FALSE,FALSE,Fixed (BC)
194666_SW,Okanagan Region,50.169151,-119.410806,NA,Vernon,8,FALSE,FALSE,Fixed (BC)
20330_NE,Kootenay Region,49.424541,-117.7286549,NA,Castlegar,8,FALSE,FALSE,Fixed (BC)
20330_SE,Kootenay Region,49.381304,-117.6779339,NA,Castlegar,8,FALSE,FALSE,Fixed (BC)
206394_NE,Northern Region,53.636548,-132.050561,NA,Naikoon,3,TRUE,FALSE,BC Parks (Rotating)
206394_NW,Northern Region,53.637196,-132.162509,NA,Naikoon,3,TRUE,FALSE,BC Parks (Rotating)
206394_SE,Northern Region,53.608769,-131.99988,NA,Naikoon,3,TRUE,FALSE,BC Parks (Rotating)
206394_SW,Northern Region,53.573235,-132.115794,NA,Naikoon,3,TRUE,FALSE,BC Parks (Rotating)
206_NW,Alaska,56.0204,-133.24865,16,POW,5,FALSE,TRUE,Fixed (Alaska)
20730_NE,Northern Region,56.7952475,-124.9005858,NA,TKD,2,FALSE,FALSE,Fixed (BC)
20730_NW,Northern Region,56.79948362,-124.9761373,NA,TKD,2,FALSE,FALSE,Fixed (BC)
20730_SE,Northern Region,56.7845655,-124.8854358,NA,TKD,2,FALSE,FALSE,Fixed (BC)
212266_NE,Okanagan Region,50.7512766,-120.4800092,NA,Kamloops,9,FALSE,FALSE,Fixed (BC)
212266_NW,Okanagan Region,50.7775476,-120.5598176,NA,Kamloops,7,FALSE,FALSE,Fixed (BC)
212266_SE,Okanagan Region,50.7148071,-120.4925243,NA,Kamloops,8,FALSE,FALSE,Fixed (BC)
212266_SW,Okanagan Region,50.7323352,-120.5218426,NA,Kamloops,8,FALSE,FALSE,Fixed (BC)
212906_NW,South Coastal Region,49.36971,-124.79984,NA,Horne Lake Park,6,TRUE,FALSE,BC Parks (Rotating)
212906_SE,South Coastal Region,49.35175,-124.74136,NA,Horne Lake Park,6,TRUE,FALSE,BC Parks (Rotating)
212906_SW,South Coastal Region,49.33595,-124.7423,NA,Horne Lake Park,5,TRUE,FALSE,BC Parks (Rotating)
216746_NW,South Coastal Region,49.106754,-125.78544,NA,Pacific Rim National Park,3,TRUE,FALSE,BC Parks (Rotating)
216746_SE,South Coastal Region,49.077676,-125.746438,NA,Pacific Rim National Park,6,TRUE,FALSE,BC Parks (Rotating)
218282_SE,Kootenay Region,50.138325,-117.556721,NA,Summit Lake,4,TRUE,FALSE,BC Parks (Rotating)
218282_SW,Kootenay Region,50.150936,-117.622098,NA,Summit Lake,5,TRUE,FALSE,BC Parks (Rotating)
226090_NE,Okanagan Region,50.10929,-120.45236,NA,Hamilton Commonage,5,FALSE,FALSE,Fixed (BC)
226090_NW,Okanagan Region,50.0999,-120.50647,NA,Hamilton Commonage,6,FALSE,FALSE,Fixed (BC)
226090_SE,Okanagan Region,50.07156,-120.42266,NA,Hamilton Commonage,5,FALSE,FALSE,Fixed (BC)
230186_NE,Okanagan Region,49.014567,-121.071983,NA,Skagit,5,TRUE,FALSE,BC Parks (Rotating)
230186_SE,Okanagan Region,48.975109,-121.083294,NA,Skagit,6,TRUE,FALSE,BC Parks (Rotating)
231310_SE,Alaska,56.22812,-132.07308,129,,3,FALSE,TRUE,Fixed (Alaska)
241002_NE,Kootenay Region,51.038169,-118.135697,NA,Mount Revelstoke,8,TRUE,FALSE,BC Parks (Rotating)
241002_NW,Kootenay Region,51.015969,-118.202923,NA,Mount Revelstoke,8,TRUE,FALSE,BC Parks (Rotating)
243562_NE,Kootenay Region,49.699661,-115.984981,NA,Kimberley,7,FALSE,FALSE,Fixed (BC)
243562_SE,Kootenay Region,49.650677,-115.946919,NA,Kimberley,7,FALSE,FALSE,Fixed (BC)
26170_NE,Northern Region,53.620517,-132.208832,NA,Yakoun,3,TRUE,FALSE,BC Parks (Rotating)
26170_NW,Northern Region,53.604517,-132.288374,NA,Yakoun,3,TRUE,FALSE,BC Parks (Rotating)
26170_SE,Northern Region,53.58901,-132.176947,NA,Yakoun,3,TRUE,FALSE,BC Parks (Rotating)
26170_SW,Northern Region,53.568946,-132.230418,NA,Yakoun,3,TRUE,FALSE,BC Parks (Rotating)
265749_NE,Okanagan Region,49.15892,-119.03758,NA,Kettle/Conkle Parks,6,TRUE,FALSE,BC Parks (Rotating)
265749_NW,Okanagan Region,49.16674,-119.10324,NA,Kettle/Conkle Parks,7,TRUE,FALSE,BC Parks (Rotating)
265749_SE,Okanagan Region,49.11153,-118.97698,NA,Kettle/Conkle Parks,7,TRUE,FALSE,BC Parks (Rotating)
265749_SW,Okanagan Region,49.11337,-119.05299,NA,Kettle/Conkle Parks,7,TRUE,FALSE,BC Parks (Rotating)
268521_NE,Kootenay Region,49.49916,-115.03962,NA,Fernie,7,FALSE,FALSE,Fixed (BC)
268521_NW,Kootenay Region,49.48855,-115.09812,NA,Fernie,6,FALSE,FALSE,Fixed (BC)
268521_SE,Kootenay Region,49.440833,-115.056338,NA,Fernie,6,FALSE,FALSE,Fixed (BC)
269777_NW,Northern Region,57.04083,-122.86281,NA,Pink Mountain,4,FALSE,FALSE,Fixed (BC)
269777_SW,Northern Region,57.01497,-122.80521,NA,Pink Mountain,4,FALSE,FALSE,Fixed (BC)
271731_SW,Kootenay Region,51.241464,-117.649615,NA,Glacier,6,TRUE,FALSE,BC Parks (Rotating)
283586_NE,Northern Region,54.3558,-128.5366,NA,Lakelse Park 1,6,TRUE,FALSE,BC Parks (Rotating)
283586_NW,Northern Region,54.3321,-128.6266,NA,Lakelse Park 1,7,TRUE,FALSE,BC Parks (Rotating)
283586_SE,Northern Region,54.31162,-128.54374,NA,Lakelse Park 1,7,TRUE,FALSE,BC Parks (Rotating)
283586_SW,Northern Region,54.2946,-128.581,NA,Lakelse Park 1,7,TRUE,FALSE,BC Parks (Rotating)
294832_NE,Northern Region,56.3348,-120.97877,NA,Charlie Lake,7,FALSE,FALSE,Fixed (BC)
294832_NW,Northern Region,56.33264,-121.00747,NA,Charlie Lake,7,FALSE,FALSE,Fixed (BC)
294832_SE,Northern Region,56.30206,-120.94608,NA,Charlie Lake,7,FALSE,FALSE,Fixed (BC)
294832_SW,Northern Region,56.30496,-121.00198,NA,Charlie Lake,7,FALSE,FALSE,Fixed (BC)
31438_NE,Alaska,58.25593,-134.358115,50.69642857142857,Douglas,4,FALSE,TRUE,Fixed (Alaska)
31438_NW,Alaska,58.26963,-134.43333,186,Douglas,4,FALSE,TRUE,Fixed (Alaska)
31438_SE,Alaska,58.24628,-134.33602,16,Douglas,4,FALSE,TRUE,Fixed (Alaska)
315563_SE,Alaska,58.36437,-134.50136,33,Valley,4,FALSE,TRUE,Fixed (Alaska)
317428_NE,South Coastal Region,49.06292,-120.799436,NA,Manning Park,7,TRUE,FALSE,BC Parks (Rotating)
317428_NW,South Coastal Region,49.06417,-120.90943,NA,Manning Park,7,TRUE,FALSE,BC Parks (Rotating)
317428_SE,South Coastal Region,49.06053,-120.77309,NA,Manning Park,7,TRUE,FALSE,BC Parks (Rotating)
317428_SW,South Coastal Region,49.04617,-120.85085,NA,Manning Park,6,TRUE,FALSE,BC Parks (Rotating)
326072_NE,South Coastal Region,49.09743,-122.51957,NA,Langley,8,FALSE,FALSE,Fixed (BC)
326072_NW,South Coastal Region,49.05235,-122.58989,NA,Langley,9,FALSE,FALSE,Fixed (BC)
326072_SE,South Coastal Region,49.0144,-122.52755,NA,Langley,7,FALSE,FALSE,Fixed (BC)
326072_SW,South Coastal Region,49.01082,-122.58104,NA,Langley,9,FALSE,FALSE,Fixed (BC)
34338_NE,Alaska,59.56445,-139.61554,30,Yakutat,2,FALSE,TRUE,Fixed (Alaska)
34338_NW,Alaska,59.51789,-139.66391,14,Yakutat,5,FALSE,TRUE,Fixed (Alaska)
34338_SE,Alaska,59.51027,-139.53528,10,Yakutat,5,FALSE,TRUE,Fixed (Alaska)
34338_SW,Alaska,59.49062,-139.64204,6,Yakutat,5,FALSE,TRUE,Fixed (Alaska)
37274_NE,Northern Region,53.088742,-119.203183,NA,Mt Robson Park,6,TRUE,FALSE,BC Parks (Rotating)
37274_SE,Northern Region,53.050514,-119.214184,NA,Mt Robson Park,6,TRUE,FALSE,BC Parks (Rotating)
37274_SW,Northern Region,53.035636,-119.228949,NA,Mt Robson Park,6,TRUE,FALSE,BC Parks (Rotating)
38442_NW,Okanagan Region,51.5199863,-122.2897779,NA,Churn Creek,4,TRUE,FALSE,BC Parks (Rotating)
38442_SW,Okanagan Region,51.502381,-122.289917,NA,Churn Creek,6,TRUE,FALSE,BC Parks (Rotating)
42026_NE,Northern Region,55.85526785,-121.6534502,NA,Moberly Lake,2,TRUE,FALSE,BC Parks (Rotating)
42026_NW,Northern Region,55.83615996,-121.7169091,NA,Moberly Lake,2,TRUE,FALSE,BC Parks (Rotating)
42026_SE,Northern Region,55.81796825,-121.6640549,NA,Moberly Lake,2,TRUE,FALSE,BC Parks (Rotating)
42026_SW,Northern Region,55.81130793,-121.7013079,NA,Moberly Lake,2,TRUE,FALSE,BC Parks (Rotating)
47210_NE,Okanagan Region,49.84024333,-119.8811811,NA,Kelowna,2,FALSE,FALSE,Fixed (BC)
47210_NW,Okanagan Region,49.84159091,-119.9782986,NA,Kelowna,2,FALSE,FALSE,Fixed (BC)
47210_SE,Okanagan Region,49.79638208,-119.8698479,NA,Kelowna,2,FALSE,FALSE,Fixed (BC)
47310_NW,Alaska,55.49629,-131.70515,75,Ketchikan,5,FALSE,TRUE,Fixed (Alaska)
47310_SE,Alaska,55.45411,-131.61887,126,Ketchikan,4,FALSE,TRUE,Fixed (Alaska)
47310_SW,Alaska,55.44204,-131.62489,150,Ketchikan,5,FALSE,TRUE,Fixed (Alaska)
47322_NE,Northern Region,55.698075,-120.43213,NA,Bear Mountain,8,FALSE,FALSE,Fixed (BC)
47322_NW,Northern Region,55.70016,-120.489889,NA,Bear Mountain,8,FALSE,FALSE,Fixed (BC)
47322_SE,Northern Region,55.64597,-120.40102,NA,Bear Mountain,7,FALSE,FALSE,Fixed (BC)
47322_SW,Northern Region,55.65446,-120.49465,NA,Bear Mountain,8,FALSE,FALSE,Fixed (BC)
5006_NW,Alaska,56.67385,-132.77744,242,Petersburg,5,FALSE,TRUE,Fixed (Alaska)
5006_SE,Alaska,56.65803,-132.67407,46,Petersburg,5,FALSE,TRUE,Fixed (Alaska)
57322_NE,South Coastal Region,49.094543,-122.098809,NA,Sumas,7,FALSE,FALSE,Fixed (BC)
57322_NW,South Coastal Region,49.07915,-122.16077,NA,Sumas,6,FALSE,FALSE,Fixed (BC)
57322_SE,South Coastal Region,49.0141,-122.09198,NA,Sumas,6,FALSE,FALSE,Fixed (BC)
57322_SW,South Coastal Region,49.016633,-122.151312,NA,Sumas,5,FALSE,FALSE,Fixed (BC)
5994_NE,Kootenay Region,49.260667,-115.248935,NA,Baynes Lake,5,FALSE,FALSE,Fixed (BC)
5994_SE,Kootenay Region,49.212282,-115.26277,NA,Baynes Lake,5,FALSE,FALSE,Fixed (BC)
60586_NW,Kootenay Region,50.93041,-116.39001,NA,Spillimacheen,5,FALSE,FALSE,Fixed (BC)
60586_SW,Kootenay Region,50.90342,-116.39335,NA,Spillimacheen,5,FALSE,FALSE,Fixed (BC)
6202_NE,South Coastal Region,48.537407,-123.501191,NA,Goldstream,7,TRUE,FALSE,BC Parks (Rotating)
6202_NW,South Coastal Region,48.507881,-123.600878,NA,Goldstream,6,TRUE,FALSE,BC Parks (Rotating)
6202_SE,South Coastal Region,48.4893431,-123.5078995,NA,Goldstream,4,TRUE,FALSE,BC Parks (Rotating)
6202_SW,South Coastal Region,48.486373,-123.549127,NA,Goldstream,6,TRUE,FALSE,BC Parks (Rotating)
70250_NW,Kootenay Region,51.24583,-116.91793,NA,Nicholson,5,FALSE,FALSE,Fixed (BC)
70250_SW,Kootenay Region,51.20982,-116.89974,NA,Nicholson,3,FALSE,FALSE,Fixed (BC)
73002_NE,Okanagan Region,50.850673,-121.872189,NA,Lillooet,8,FALSE,FALSE,Fixed (BC)
73002_SE,Okanagan Region,50.824841,-121.868963,NA,Lillooet,9,FALSE,FALSE,Fixed (BC)
73002_SW,Okanagan Region,50.80422,-121.87782,NA,Lillooet,9,FALSE,FALSE,Fixed (BC)
73786_NW,South Coastal Region,49.12334,-123.06198,NA,Delta,9,FALSE,FALSE,Fixed (BC)
73786_SE,South Coastal Region,49.12604,-123.001631,NA,Delta,9,FALSE,FALSE,Fixed (BC)
73786_SW,South Coastal Region,49.108227,-123.079916,NA,Delta,7,FALSE,FALSE,Fixed (BC)
77162_NE,Kootenay Region,50.95478,-118.09975,NA,Revelstoke,6,FALSE,FALSE,Fixed (BC)
77162_SW,Kootenay Region,50.886,-118.10586,NA,Revelstoke,8,FALSE,FALSE,Fixed (BC)
79018_NE,Kootenay Region,50.202097,-116.910069,NA,Meadow Creek,9,FALSE,FALSE,Fixed (BC)
79018_NW,Kootenay Region,50.193827,-116.947519,NA,Meadow Creek,9,FALSE,FALSE,Fixed (BC)
79018_SE,Kootenay Region,50.187225,-116.904186,NA,Meadow Creek,9,FALSE,FALSE,Fixed (BC)
79018_SW,Kootenay Region,50.177706,-116.959679,NA,Meadow Creek,9,FALSE,FALSE,Fixed (BC)
86074_NE,South Coastal Region,49.23087,-122.305598,NA,Stave,7,FALSE,FALSE,Fixed (BC)
86074_NW,South Coastal Region,49.184424,-122.403309,NA,Stave,4,FALSE,FALSE,Fixed (BC)
86074_SE,South Coastal Region,49.169621,-122.319295,NA,Stave,5,FALSE,FALSE,Fixed (BC)
86074_SW,South Coastal Region,49.141737,-122.382035,NA,Stave,7,FALSE,FALSE,Fixed (BC)
89962_NE,Kootenay Region,49.07682,-117.5986,NA,Fort Shepherd,2,FALSE,FALSE,Fixed (BC)
89962_SE,Kootenay Region,49.00974,-117.57236,NA,Fort Shepherd,2,FALSE,FALSE,Fixed (BC)
89962_SW,Kootenay Region,49.0077,-117.63034,NA,Fort Shepherd,2,FALSE,FALSE,Fixed (BC)
93290_NE,Okanagan Region,49.443606,-119.565345,NA,Penticton,5,FALSE,FALSE,Fixed (BC)
93290_NW,Okanagan Region,49.4153057,-119.6018008,NA,Penticton,8,FALSE,FALSE,Fixed (BC)
93290_SE,Okanagan Region,49.384329,-119.5616458,NA,Penticton,8,FALSE,FALSE,Fixed (BC)
93290_SW,Okanagan Region,49.37943,-119.59374,NA,Penticton,8,FALSE,FALSE,Fixed (BC)
94522_NW,Northern Region,53.10732,-131.86467,NA,Haida Gwaii,4,TRUE,FALSE,BC Parks (Rotating)
94522_SE,Northern Region,53.08196,-131.77925,NA,Haida Gwaii,3,TRUE,FALSE,BC Parks (Rotating)
9466_NE,Northern Region,57.34435226,-125.5093223,NA,Kwadacha,2,FALSE,FALSE,Fixed (BC)
9466_NW,Northern Region,57.345896,-125.5503739,NA,Kwadacha,2,FALSE,FALSE,Fixed (BC)
9466_SE,Northern Region,57.31574876,-125.4903741,NA,Kwadacha,2,FALSE,FALSE,Fixed (BC)
9466_SW,Northern Region,57.2948285,-125.5147378,NA,Kwadacha,2,FALSE,FALSE,Fixed (BC)
986_NE,Northern Region,53.188,-121.302249,NA,Bowron,7,TRUE,FALSE,BC Parks (Rotating)
986_SE,Northern Region,53.139202,-121.257697,NA,Bowron,7,TRUE,FALSE,BC Parks (Rotating)
